"","","","Pregnant women sleeping under insecticide-treated nets (%)","Pregnant women sleeping under insecticide-treated nets (%)","Pregnant women sleeping under insecticide-treated nets (%)","Pregnant women sleeping under insecticide-treated nets (%)","Pregnant women sleeping under insecticide-treated nets (%)"
"Country","Year","Data Source"," Q1 (Poorest)"," Q2"," Q3"," Q4"," Q5 (Richest)"
"Afghanistan"," 2015"," DHS","0.8 [0.3-2.1]","3.0 [1.8-4.8]","4.6 [3.1-6.8]","5.1 [3.7-7.1]","9.1 [6.3-13.0]"
"Afghanistan"," 2010"," MICS","No data","No data","No data","No data","No data"
"Albania"," 2008"," DHS","No data","No data","No data","No data","No data"
"Albania"," 2005"," MICS","No data","No data","No data","No data","No data"
"Albania"," 2002"," RHS","No data","No data","No data","No data","No data"
"Algeria"," 2012"," MICS","No data","No data","No data","No data","No data"
"Angola"," 2015"," DHS","18.3 [13.7-23.8]","33.8 [27.9-40.2]","27.4 [20.3-35.8]","15.0 [8.5-25.3]","15.8 [8.8-26.8]"
"Argentina"," 2011"," MICS","No data","No data","No data","No data","No data"
"Armenia"," 2010"," DHS","No data","No data","No data","No data","No data"
"Armenia"," 2005"," DHS","No data","No data","No data","No data","No data"
"Armenia"," 2000"," DHS","No data","No data","No data","No data","No data"
"Azerbaijan"," 2006"," DHS","No data","No data","No data","No data","No data"
"Bangladesh"," 2014"," DHS","No data","No data","No data","No data","No data"
"Bangladesh"," 2012"," MICS","No data","No data","No data","No data","No data"
"Bangladesh"," 2011"," DHS","No data","No data","No data","No data","No data"
"Bangladesh"," 2007"," DHS","No data","No data","No data","No data","No data"
"Bangladesh"," 2006"," MICS","No data","No data","No data","No data","No data"
"Bangladesh"," 2004"," DHS","No data","No data","No data","No data","No data"
"Bangladesh"," 1999"," DHS","No data","No data","No data","No data","No data"
"Bangladesh"," 1996"," DHS","No data","No data","No data","No data","No data"
"Bangladesh"," 1993"," DHS","No data","No data","No data","No data","No data"
"Barbados"," 2012"," MICS","No data","No data","No data","No data","No data"
"Belarus"," 2012"," MICS","No data","No data","No data","No data","No data"
"Belarus"," 2005"," MICS","No data","No data","No data","No data","No data"
"Belize"," 2011"," MICS","No data","No data","No data","No data","No data"
"Belize"," 2006"," MICS","No data","No data","No data","No data","No data"
"Belize"," 1991"," RHS","No data","No data","No data","No data","No data"
"Benin"," 2011"," DHS","76.8 [71.7-81.3]","76.8 [71.9-81.1]","76.3 [71.3-80.7]","72.3 [66.1-77.7]","70.2 [63.2-76.3]"
"Benin"," 2006"," DHS","8.6 [6.3-11.8]","13.0 [9.8-16.9]","21.8 [18.1-25.9]","27.3 [23.1-32.1]","28.8 [22.7-35.6]"
"Benin"," 2001"," DHS","No data","No data","No data","No data","No data"
"Benin"," 1996"," DHS","No data","No data","No data","No data","No data"
"Bhutan"," 2010"," MICS","No data","No data","No data","No data","No data"
"Bolivia (Plurinational State of)"," 2008"," DHS","No data","No data","No data","No data","No data"
"Bolivia (Plurinational State of)"," 2003"," DHS","No data","No data","No data","No data","No data"
"Bolivia (Plurinational State of)"," 1998"," DHS","No data","No data","No data","No data","No data"
"Bolivia (Plurinational State of)"," 1994"," DHS","No data","No data","No data","No data","No data"
"Bosnia and Herzegovina"," 2011"," MICS","No data","No data","No data","No data","No data"
"Bosnia and Herzegovina"," 2006"," MICS","No data","No data","No data","No data","No data"
"Brazil"," 1996"," DHS","No data","No data","No data","No data","No data"
"Burkina Faso"," 2010"," DHS","44.1 [37.9-50.4]","42.5 [36.7-48.6]","43.2 [37.4-49.2]","49.0 [42.5-55.6]","43.8 [36.7-51.3]"
"Burkina Faso"," 2006"," MICS","No data","No data","No data","No data","No data"
"Burkina Faso"," 2003"," DHS","1.1 [0.3-4.5]","0.7 [0.1-3.1]","3.2 [1.4-7.4]","1.5 [0.4-5.3]","9.5 [6.0-14.9]"
"Burkina Faso"," 1998"," DHS","No data","No data","No data","No data","No data"
"Burundi"," 2010"," DHS","45.7 [36.8-54.9]","45.2 [37.0-53.7]","57.3 [50.1-64.3]","46.4 [37.4-55.5]","56.8 [48.2-65.0]"
"Burundi"," 2005"," MICS","No data","No data","No data","No data","No data"
"Cabo Verde"," 1998"," RHS","No data","No data","No data","No data","No data"
"Cambodia"," 2014"," DHS","No data","No data","No data","No data","No data"
"Cambodia"," 2010"," DHS","No data","No data","No data","No data","No data"
"Cambodia"," 2005"," DHS","9.6 [5.9-15.2]","2.3 [1.3-4.2]","4.6 [2.4-8.5]","2.1 [0.8-5.1]","0.0 [0.0-0.0]"
"Cambodia"," 2000"," DHS","No data","No data","No data","No data","No data"
"Cameroon"," 2014"," MICS","No data","No data","No data","No data","No data"
"Cameroon"," 2011"," DHS","8.5 [5.7-12.4]","8.1 [5.6-11.5]","11.1 [7.7-15.8]","10.6 [7.2-15.2]","12.7 [9.0-17.7]"
"Cameroon"," 2006"," MICS","No data","No data","No data","No data","No data"
"Cameroon"," 2004"," DHS","0.0 [0.0-0.0]","0.6 [0.1-4.2]","0.9 [0.2-3.9]","4.0 [1.5-9.9]","2.6 [1.0-7.0]"
"Cameroon"," 1998"," DHS","No data","No data","No data","No data","No data"
"Central African Republic"," 2010"," MICS","44.5 [38.5-50.7]","44.7 [38.5-50.9]","47.8 [41.3-54.4]","34.0 [27.2-41.5]","28.8 [21.6-37.3]"
"Central African Republic"," 2006"," MICS","No data","No data","No data","No data","No data"
"Central African Republic"," 1994"," DHS","No data","No data","No data","No data","No data"
"Chad"," 2014"," DHS","34.8 [28.4-41.8]","37.2 [30.5-44.4]","33.4 [27.5-39.9]","29.3 [23.0-36.5]","43.5 [35.4-51.8]"
"Chad"," 2010"," MICS","2.7 [1.4-5.2]","3.3 [1.9-5.7]","4.7 [2.8-7.8]","8.9 [6.3-12.5]","29.7 [24.5-35.4]"
"Chad"," 2004"," DHS","No data","No data","No data","No data","No data"
"Chad"," 1996"," DHS","No data","No data","No data","No data","No data"
"Colombia"," 2015"," DHS","No data","No data","No data","No data","No data"
"Colombia"," 2010"," DHS","No data","No data","No data","No data","No data"
"Colombia"," 2005"," DHS","No data","No data","No data","No data","No data"
"Colombia"," 2000"," DHS","No data","No data","No data","No data","No data"
"Colombia"," 1995"," DHS","No data","No data","No data","No data","No data"
"Comoros"," 2012"," DHS","52.0 [38.5-65.3]","39.3 [28.1-51.7]","49.0 [36.4-61.7]","37.4 [22.6-55.0]","46.5 [32.3-61.2]"
"Comoros"," 1996"," DHS","No data","No data","No data","No data","No data"
"Congo"," 2011"," DHS","37.3 [31.9-43.0]","22.1 [15.3-30.9]","35.0 [21.8-50.9]","22.8 [14.7-33.7]","11.8 [6.5-20.5]"
"Congo"," 2005"," DHS","4.8 [2.6-8.5]","4.6 [2.0-10.0]","3.0 [0.6-13.6]","3.8 [1.6-8.7]","4.8 [1.9-11.5]"
"Costa Rica"," 2011"," MICS","No data","No data","No data","No data","No data"
"Costa Rica"," 1992"," RHS","No data","No data","No data","No data","No data"
"C么te d'Ivoire"," 2011"," DHS","49.2 [38.5-59.9]","43.5 [34.1-53.3]","44.5 [35.9-53.4]","31.3 [24.1-39.6]","28.5 [20.2-38.5]"
"C么te d'Ivoire"," 2006"," MICS","No data","No data","No data","No data","No data"
"C么te d'Ivoire"," 1998"," DHS","No data","No data","No data","No data","No data"
"C么te d'Ivoire"," 1994"," DHS","No data","No data","No data","No data","No data"
"Cuba"," 2014"," MICS","No data","No data","No data","No data","No data"
"Cuba"," 2010"," MICS","No data","No data","No data","No data","No data"
"Cuba"," 2006"," MICS","No data","No data","No data","No data","No data"
"Democratic Republic of the Congo"," 2013"," DHS","54.4 [47.8-60.8]","61.8 [55.2-68.1]","64.9 [58.1-71.2]","64.5 [57.5-71.0]","53.9 [46.9-60.7]"
"Democratic Republic of the Congo"," 2010"," MICS","35.2 [26.3-45.3]","45.8 [38.0-53.8]","43.7 [36.6-51.0]","42.8 [34.0-52.1]","47.8 [40.7-55.0]"
"Democratic Republic of the Congo"," 2007"," DHS","1.8 [0.7-4.4]","3.3 [1.3-8.5]","9.4 [4.4-19.0]","6.1 [2.8-12.6]","7.5 [4.1-13.4]"
"Djibouti"," 2006"," MICS","No data","No data","No data","No data","No data"
"Dominican Republic"," 2014"," MICS","No data","No data","No data","No data","No data"
"Dominican Republic"," 2013"," DHS","No data","No data","No data","No data","No data"
"Dominican Republic"," 2007"," DHS","No data","No data","No data","No data","No data"
"Dominican Republic"," 2002"," DHS","No data","No data","No data","No data","No data"
"Dominican Republic"," 1999"," DHS","No data","No data","No data","No data","No data"
"Dominican Republic"," 1996"," DHS","No data","No data","No data","No data","No data"
"Ecuador"," 2004"," RHS","No data","No data","No data","No data","No data"
"Ecuador"," 1999"," RHS","No data","No data","No data","No data","No data"
"Ecuador"," 1994"," RHS","No data","No data","No data","No data","No data"
"Egypt"," 2014"," DHS","No data","No data","No data","No data","No data"
"Egypt"," 2008"," DHS","No data","No data","No data","No data","No data"
"Egypt"," 2005"," DHS","No data","No data","No data","No data","No data"
"Egypt"," 2000"," DHS","No data","No data","No data","No data","No data"
"Egypt"," 1995"," DHS","No data","No data","No data","No data","No data"
"El Salvador"," 2014"," MICS","No data","No data","No data","No data","No data"
"El Salvador"," 2008"," RHS","No data","No data","No data","No data","No data"
"El Salvador"," 2002"," RHS","No data","No data","No data","No data","No data"
"El Salvador"," 1998"," RHS","No data","No data","No data","No data","No data"
"El Salvador"," 1993"," RHS","No data","No data","No data","No data","No data"
"Eswatini"," 2014"," MICS","No data","No data","No data","No data","No data"
"Eswatini"," 2010"," MICS","0.0 [0.0-0.0]","7.3 [2.2-21.7]","0.0 [0.0-0.0]","0.0 [0.0-0.0]","0.0 [0.0-0.0]"
"Eswatini"," 2006"," DHS","2.0 [0.3-12.7]","0.0 [0.0-0.0]","0.0 [0.0-0.0]","2.3 [0.5-10.1]","0.4 [0.0-2.8]"
"Ethiopia"," 2011"," DHS","No data","No data","No data","No data","No data"
"Ethiopia"," 2005"," DHS","0.9 [0.3-3.2]","0.3 [0.1-1.7]","0.0 [0.0-0.4]","1.3 [0.4-4.1]","4.7 [2.1-10.1]"
"Ethiopia"," 2000"," DHS","No data","No data","No data","No data","No data"
"Gabon"," 2012"," DHS","35.8 [29.8-42.2]","37.9 [28.1-48.8]","36.8 [24.6-50.9]","17.6 [10.8-27.3]","14.3 [7.4-26.1]"
"Gabon"," 2000"," DHS","No data","No data","No data","No data","No data"
"Gambia"," 2013"," DHS","50.5 [40.7-60.2]","49.3 [41.1-57.6]","47.2 [35.2-59.5]","42.9 [31.2-55.4]","38.6 [26.0-52.9]"
"Gambia"," 2005"," MICS","No data","No data","No data","No data","No data"
"Georgia"," 2005"," MICS","No data","No data","No data","No data","No data"
"Ghana"," 2014"," DHS","57.0 [46.6-66.9]","54.6 [46.6-62.3]","53.8 [42.7-64.6]","24.6 [16.7-34.8]","28.3 [20.4-37.9]"
"Ghana"," 2011"," MICS","51.4 [44.3-58.4]","49.7 [39.4-60.1]","31.9 [22.9-42.5]","12.9 [7.8-20.5]","15.8 [8.7-26.9]"
"Ghana"," 2008"," DHS","39.8 [27.0-54.1]","28.9 [20.0-39.7]","24.2 [14.5-37.4]","24.3 [15.0-37.0]","19.4 [11.3-31.1]"
"Ghana"," 2006"," MICS","No data","No data","No data","No data","No data"
"Ghana"," 2003"," DHS","4.9 [2.4-9.9]","2.9 [0.9-9.0]","1.0 [0.2-4.2]","1.9 [0.3-10.0]","3.1 [0.7-12.4]"
"Ghana"," 1998"," DHS","No data","No data","No data","No data","No data"
"Ghana"," 1993"," DHS","No data","No data","No data","No data","No data"
"Guatemala"," 2014"," DHS","No data","No data","No data","No data","No data"
"Guatemala"," 2008"," RHS","No data","No data","No data","No data","No data"
"Guatemala"," 2002"," RHS","No data","No data","No data","No data","No data"
"Guatemala"," 1998"," DHS","No data","No data","No data","No data","No data"
"Guatemala"," 1995"," DHS","No data","No data","No data","No data","No data"
"Guinea"," 2012"," DHS","29.4 [21.2-39.3]","33.8 [27.2-41.2]","27.2 [20.2-35.5]","28.8 [22.0-36.8]","16.8 [10.9-25.2]"
"Guinea"," 2005"," DHS","0.5 [0.1-3.5]","2.1 [1.0-4.2]","0.3 [0.0-2.3]","0.0 [0.0-0.0]","5.2 [1.9-13.6]"
"Guinea"," 1999"," DHS","No data","No data","No data","No data","No data"
"Guinea-Bissau"," 2014"," MICS","No data","No data","No data","No data","No data"
"Guinea-Bissau"," 2006"," MICS","No data","No data","No data","No data","No data"
"Guyana"," 2014"," MICS","No data","No data","No data","No data","No data"
"Guyana"," 2009"," DHS","38.8 [27.9-50.9]","36.9 [20.9-56.3]","25.5 [13.1-43.8]","25.2 [10.8-48.4]","19.2 [8.0-39.4]"
"Guyana"," 2006"," MICS","No data","No data","No data","No data","No data"
"Haiti"," 2012"," DHS","3.2 [1.6-6.1]","5.0 [2.9-8.7]","8.5 [5.1-13.9]","13.2 [8.3-20.3]","14.1 [7.8-24.1]"
"Haiti"," 2005"," DHS","No data","No data","No data","No data","No data"
"Haiti"," 2000"," DHS","No data","No data","No data","No data","No data"
"Haiti"," 1994"," DHS","No data","No data","No data","No data","No data"
"Honduras"," 2011"," DHS","No data","No data","No data","No data","No data"
"Honduras"," 2005"," DHS","No data","No data","No data","No data","No data"
"Honduras"," 2001"," RHS","No data","No data","No data","No data","No data"
"Honduras"," 1996"," RHS","No data","No data","No data","No data","No data"
"Honduras"," 1991"," RHS","No data","No data","No data","No data","No data"
"India"," 2005"," DHS","No data","No data","No data","No data","No data"
"India"," 1998"," DHS","No data","No data","No data","No data","No data"
"Indonesia"," 2012"," DHS","No data","No data","No data","No data","No data"
"Indonesia"," 2007"," DHS","4.7 [3.4-6.6]","2.0 [1.1-3.6]","4.4 [2.8-6.8]","0.5 [0.3-1.0]","0.8 [0.2-3.6]"
"Indonesia"," 2002"," DHS","No data","No data","No data","No data","No data"
"Indonesia"," 1997"," DHS","No data","No data","No data","No data","No data"
"Indonesia"," 1994"," DHS","No data","No data","No data","No data","No data"
"Iraq"," 2011"," MICS","No data","No data","No data","No data","No data"
"Iraq"," 2006"," MICS","No data","No data","No data","No data","No data"
"Jamaica"," 2011"," MICS","No data","No data","No data","No data","No data"
"Jamaica"," 2005"," MICS","No data","No data","No data","No data","No data"
"Jordan"," 2012"," DHS","No data","No data","No data","No data","No data"
"Jordan"," 2007"," DHS","No data","No data","No data","No data","No data"
"Jordan"," 2002"," DHS","No data","No data","No data","No data","No data"
"Jordan"," 1997"," DHS","No data","No data","No data","No data","No data"
"Kazakhstan"," 2015"," MICS","No data","No data","No data","No data","No data"
"Kazakhstan"," 2010"," MICS","No data","No data","No data","No data","No data"
"Kazakhstan"," 2006"," MICS","No data","No data","No data","No data","No data"
"Kazakhstan"," 1999"," DHS","No data","No data","No data","No data","No data"
"Kazakhstan"," 1995"," DHS","No data","No data","No data","No data","No data"
"Kenya"," 2014"," DHS","38.2 [33.2-43.6]","56.6 [50.4-62.6]","58.2 [51.3-64.8]","51.1 [43.6-58.5]","52.0 [44.0-59.8]"
"Kenya"," 2008"," DHS","46.3 [36.3-56.6]","51.2 [32.5-69.6]","47.7 [35.6-60.1]","60.8 [48.0-72.3]","43.3 [30.7-56.8]"
"Kenya"," 2003"," DHS","1.7 [0.4-7.0]","4.0 [1.6-9.8]","6.6 [2.8-14.7]","7.4 [3.7-14.5]","7.6 [4.4-12.8]"
"Kenya"," 1998"," DHS","No data","No data","No data","No data","No data"
"Kenya"," 1993"," DHS","No data","No data","No data","No data","No data"
"Kyrgyzstan"," 2014"," MICS","No data","No data","No data","No data","No data"
"Kyrgyzstan"," 2012"," DHS","No data","No data","No data","No data","No data"
"Kyrgyzstan"," 2005"," MICS","No data","No data","No data","No data","No data"
"Kyrgyzstan"," 1997"," DHS","No data","No data","No data","No data","No data"
"Lao People's Democratic Republic"," 2011"," MICS","54.5 [47.0-61.8]","48.1 [41.4-54.8]","49.1 [41.1-57.2]","37.3 [30.0-45.1]","21.6 [15.2-29.8]"
"Lao People's Democratic Republic"," 2006"," MICS","No data","No data","No data","No data","No data"
"Lesotho"," 2014"," DHS","No data","No data","No data","No data","No data"
"Lesotho"," 2009"," DHS","No data","No data","No data","No data","No data"
"Lesotho"," 2004"," DHS","No data","No data","No data","No data","No data"
"Liberia"," 2013"," DHS","31.9 [25.2-39.3]","45.9 [37.6-54.4]","38.6 [30.3-47.8]","52.1 [36.3-67.5]","16.5 [7.2-33.4]"
"Liberia"," 2007"," DHS","No data","No data","No data","No data","No data"
"Madagascar"," 2008"," DHS","50.9 [44.9-56.9]","52.2 [44.6-59.8]","36.8 [30.0-44.2]","40.4 [32.5-48.8]","47.1 [38.1-56.2]"
"Madagascar"," 2003"," DHS","No data","No data","No data","No data","No data"
"Madagascar"," 1997"," DHS","No data","No data","No data","No data","No data"
"Malawi"," 2015"," DHS","36.7 [31.6-42.1]","41.6 [35.7-47.7]","45.1 [39.4-51.0]","46.4 [40.4-52.5]","52.4 [45.5-59.3]"
"Malawi"," 2013"," MICS","52.1 [45.9-58.3]","59.8 [53.8-65.5]","60.0 [54.0-65.7]","61.8 [54.8-68.3]","72.5 [64.5-79.3]"
"Malawi"," 2010"," DHS","22.5 [18.4-27.2]","28.6 [24.1-33.5]","37.6 [32.6-42.8]","42.3 [36.5-48.4]","48.5 [39.4-57.7]"
"Malawi"," 2006"," MICS","No data","No data","No data","No data","No data"
"Malawi"," 2004"," DHS","6.0 [3.6-9.7]","9.6 [6.9-13.3]","12.5 [9.4-16.6]","16.9 [12.1-23.0]","32.5 [25.5-40.5]"
"Malawi"," 2000"," DHS","No data","No data","No data","No data","No data"
"Maldives"," 2009"," DHS","No data","No data","No data","No data","No data"
"Mali"," 2012"," DHS","68.7 [61.3-75.2]","72.6 [66.0-78.4]","77.4 [70.9-82.8]","76.8 [68.7-83.3]","69.4 [61.2-76.5]"
"Mali"," 2009"," MICS","No data","No data","No data","No data","No data"
"Mali"," 2006"," DHS","28.5 [23.9-33.7]","32.4 [25.4-40.4]","27.5 [22.4-33.3]","26.4 [17.9-37.0]","29.7 [24.0-36.1]"
"Mali"," 2001"," DHS","No data","No data","No data","No data","No data"
"Mali"," 1995"," DHS","No data","No data","No data","No data","No data"
"Mauritania"," 2011"," MICS","25.6 [18.7-33.9]","27.9 [21.3-35.6]","21.9 [16.4-28.7]","18.3 [12.2-26.4]","15.8 [10.7-22.7]"
"Mauritania"," 2007"," MICS","No data","No data","No data","No data","No data"
"Mexico"," 2015"," MICS","No data","No data","No data","No data","No data"
"Mongolia"," 2013"," MICS","No data","No data","No data","No data","No data"
"Mongolia"," 2010"," MICS","No data","No data","No data","No data","No data"
"Mongolia"," 2005"," MICS","No data","No data","No data","No data","No data"
"Montenegro"," 2013"," MICS","No data","No data","No data","No data","No data"
"Montenegro"," 2005"," MICS","No data","No data","No data","No data","No data"
"Morocco"," 2003"," DHS","No data","No data","No data","No data","No data"
"Mozambique"," 2011"," DHS","30.7 [23.9-38.6]","31.0 [24.3-38.6]","35.1 [29.0-41.8]","38.4 [32.0-45.3]","41.2 [33.9-48.8]"
"Mozambique"," 2008"," MICS","No data","No data","No data","No data","No data"
"Mozambique"," 2003"," DHS","No data","No data","No data","No data","No data"
"Mozambique"," 1997"," DHS","No data","No data","No data","No data","No data"
"Myanmar"," 2015"," DHS","20.8 [14.3-29.3]","24.7 [16.4-35.3]","23.0 [14.6-34.4]","12.2 [6.3-22.3]","8.8 [3.4-21.1]"
"Namibia"," 2013"," DHS","5.8 [2.7-12.2]","6.9 [3.5-13.1]","2.1 [0.6-7.3]","3.1 [1.1-8.0]","0.3 [0.0-2.4]"
"Namibia"," 2006"," DHS","11.0 [6.4-18.1]","14.7 [7.6-26.5]","11.4 [7.1-17.7]","3.6 [1.4-9.3]","2.6 [0.8-8.5]"
"Namibia"," 2000"," DHS","No data","No data","No data","No data","No data"
"Nepal"," 2014"," MICS","No data","No data","No data","No data","No data"
"Nepal"," 2011"," DHS","No data","No data","No data","No data","No data"
"Nepal"," 2010"," MICS","No data","No data","No data","No data","No data"
"Nepal"," 2006"," DHS","No data","No data","No data","No data","No data"
"Nepal"," 2001"," DHS","No data","No data","No data","No data","No data"
"Nepal"," 1996"," DHS","No data","No data","No data","No data","No data"
"Nicaragua"," 2006"," RHS","No data","No data","No data","No data","No data"
"Nicaragua"," 2001"," DHS","No data","No data","No data","No data","No data"
"Nicaragua"," 1997"," DHS","No data","No data","No data","No data","No data"
"Nicaragua"," 1992"," RHS","No data","No data","No data","No data","No data"
"Niger"," 2012"," DHS","13.1 [8.6-19.3]","18.4 [13.0-25.3]","19.3 [14.6-25.1]","18.5 [13.5-24.8]","29.6 [24.2-35.6]"
"Niger"," 2006"," DHS","2.9 [1.2-7.1]","5.9 [2.8-11.9]","3.9 [1.8-8.0]","5.7 [3.4-9.6]","11.6 [7.4-18.0]"
"Niger"," 1998"," DHS","No data","No data","No data","No data","No data"
"Nigeria"," 2013"," DHS","12.8 [10.1-16.2]","17.2 [14.0-20.9]","21.0 [17.8-24.6]","18.1 [14.8-22.0]","13.7 [10.9-17.1]"
"Nigeria"," 2011"," MICS","13.5 [10.8-16.8]","19.6 [15.8-23.9]","18.6 [14.9-22.9]","16.0 [12.2-20.7]","19.0 [13.8-25.6]"
"Nigeria"," 2008"," DHS","2.3 [1.4-3.7]","4.7 [3.3-6.5]","6.8 [4.8-9.5]","5.9 [4.1-8.4]","5.1 [3.5-7.2]"
"Nigeria"," 2007"," MICS","No data","No data","No data","No data","No data"
"Nigeria"," 2003"," DHS","1.0 [0.1-6.6]","0.4 [0.1-2.7]","2.1 [0.6-6.6]","2.6 [0.8-8.5]","0.4 [0.0-2.5]"
"Nigeria"," 1999"," DHS","No data","No data","No data","No data","No data"
"Pakistan"," 2012"," DHS","No data","No data","No data","No data","No data"
"Pakistan"," 2006"," DHS","4.8 [2.9-7.9]","1.7 [0.7-4.2]","0.2 [0.0-1.4]","0.6 [0.1-2.5]","0.0 [0.0-0.0]"
"Panama"," 2013"," MICS","No data","No data","No data","No data","No data"
"Paraguay"," 2008"," RHS","No data","No data","No data","No data","No data"
"Paraguay"," 2004"," RHS","No data","No data","No data","No data","No data"
"Paraguay"," 1998"," RHS","No data","No data","No data","No data","No data"
"Paraguay"," 1995"," RHS","No data","No data","No data","No data","No data"
"Peru"," 2012"," DHS","No data","No data","No data","No data","No data"
"Peru"," 2011"," DHS","No data","No data","No data","No data","No data"
"Peru"," 2010"," DHS","No data","No data","No data","No data","No data"
"Peru"," 2009"," DHS","No data","No data","No data","No data","No data"
"Peru"," 2008"," DHS","No data","No data","No data","No data","No data"
"Peru"," 2007"," DHS","No data","No data","No data","No data","No data"
"Peru"," 2006"," DHS","No data","No data","No data","No data","No data"
"Peru"," 2005"," DHS","No data","No data","No data","No data","No data"
"Peru"," 2004"," DHS","No data","No data","No data","No data","No data"
"Peru"," 2000"," DHS","No data","No data","No data","No data","No data"
"Peru"," 1996"," DHS","No data","No data","No data","No data","No data"
"Philippines"," 2013"," DHS","No data","No data","No data","No data","No data"
"Philippines"," 2008"," DHS","No data","No data","No data","No data","No data"
"Philippines"," 2003"," DHS","No data","No data","No data","No data","No data"
"Philippines"," 1998"," DHS","No data","No data","No data","No data","No data"
"Philippines"," 1993"," DHS","No data","No data","No data","No data","No data"
"Republic of Moldova"," 2012"," MICS","No data","No data","No data","No data","No data"
"Republic of Moldova"," 2005"," DHS","No data","No data","No data","No data","No data"
"Republic of Moldova"," 1997"," RHS","No data","No data","No data","No data","No data"
"Rwanda"," 2014"," DHS","52.2 [44.8-59.5]","62.0 [54.5-69.0]","80.6 [74.7-85.3]","87.0 [80.8-91.4]","83.9 [76.7-89.2]"
"Rwanda"," 2010"," DHS","67.1 [59.5-73.8]","65.5 [58.4-72.0]","76.5 [69.2-82.5]","75.9 [69.1-81.6]","76.4 [69.6-82.1]"
"Rwanda"," 2005"," DHS","7.6 [4.6-12.3]","16.8 [11.7-23.5]","12.1 [7.8-18.1]","18.6 [13.4-25.3]","36.3 [28.9-44.5]"
"Rwanda"," 2000"," DHS","No data","No data","No data","No data","No data"
"Saint Lucia"," 2012"," MICS","No data","No data","No data","No data","No data"
"Sao Tome and Principe"," 2014"," MICS","No data","No data","No data","No data","No data"
"Sao Tome and Principe"," 2008"," DHS","31.0 [17.5-48.7]","53.4 [35.8-70.3]","64.3 [46.3-79.1]","67.0 [50.1-80.5]","No data"
"Senegal"," 2015"," DHS","47.8 [37.4-58.3]","57.8 [48.7-66.4]","64.8 [54.3-74.1]","58.0 [44.4-70.5]","21.6 [12.9-33.9]"
"Senegal"," 2014"," DHS","37.8 [28.8-47.7]","44.3 [33.6-55.7]","49.3 [37.2-61.5]","30.4 [21.5-41.1]","27.4 [14.5-45.6]"
"Senegal"," 2012"," DHS","40.8 [31.5-50.7]","42.7 [34.0-51.8]","57.5 [47.2-67.3]","36.2 [24.2-50.2]","38.0 [25.9-51.7]"
"Senegal"," 2010"," DHS","41.5 [35.0-48.4]","44.8 [38.0-51.8]","43.6 [36.0-51.5]","30.4 [20.9-42.0]","17.5 [10.4-28.0]"
"Senegal"," 2005"," DHS","3.0 [1.6-5.6]","7.7 [5.0-11.8]","13.7 [9.7-19.0]","12.0 [7.8-18.0]","7.8 [3.7-15.5]"
"Senegal"," 1997"," DHS","No data","No data","No data","No data","No data"
"Serbia"," 2014"," MICS","No data","No data","No data","No data","No data"
"Serbia"," 2010"," MICS","No data","No data","No data","No data","No data"
"Serbia"," 2005"," MICS","No data","No data","No data","No data","No data"
"Sierra Leone"," 2013"," DHS","55.1 [48.5-61.4]","57.5 [50.4-64.2]","57.4 [49.8-64.7]","53.0 [45.2-60.6]","35.5 [27.0-45.0]"
"Sierra Leone"," 2010"," MICS","23.1 [17.9-29.3]","31.0 [24.2-38.8]","32.2 [26.3-38.7]","22.7 [16.8-29.8]","29.5 [23.2-36.8]"
"Sierra Leone"," 2008"," DHS","20.6 [13.9-29.3]","34.8 [25.2-45.9]","26.3 [18.7-35.6]","35.8 [26.9-45.9]","17.4 [10.1-28.2]"
"Sierra Leone"," 2005"," MICS","No data","No data","No data","No data","No data"
"Somalia"," 2006"," MICS","No data","No data","No data","No data","No data"
"South Africa"," 1998"," DHS","No data","No data","No data","No data","No data"
"South Sudan"," 2010"," MICS","No data","No data","No data","No data","No data"
"Sudan"," 2014"," MICS","No data","No data","No data","No data","No data"
"Sudan"," 2010"," MICS","No data","No data","No data","No data","No data"
"Suriname"," 2010"," MICS","25.3 [18.4-33.9]","0.0 [0.0-0.0]","0.0 [0.0-0.0]","0.0 [0.0-0.0]","0.0 [0.0-0.0]"
"Suriname"," 2006"," MICS","No data","No data","No data","No data","No data"
"Syrian Arab Republic"," 2006"," MICS","No data","No data","No data","No data","No data"
"Tajikistan"," 2012"," DHS","No data","No data","No data","No data","No data"
"Tajikistan"," 2005"," MICS","No data","No data","No data","No data","No data"
"Thailand"," 2012"," MICS","No data","No data","No data","No data","No data"
"Thailand"," 2005"," MICS","No data","No data","No data","No data","No data"
"The former Yugoslav republic of Macedonia"," 2011"," MICS","No data","No data","No data","No data","No data"
"The former Yugoslav republic of Macedonia"," 2005"," MICS","No data","No data","No data","No data","No data"
"Timor-Leste"," 2009"," DHS","26.9 [20.5-34.4]","30.5 [24.1-37.7]","38.9 [31.4-47.0]","59.6 [51.7-66.9]","47.5 [38.9-56.2]"
"Togo"," 2013"," DHS","37.5 [30.1-45.6]","47.2 [38.6-56.0]","44.6 [35.0-54.5]","31.4 [23.7-40.3]","38.7 [29.8-48.4]"
"Togo"," 2010"," MICS","49.3 [39.1-59.5]","66.8 [57.1-75.3]","54.7 [43.1-65.8]","33.9 [21.9-48.4]","31.2 [20.9-43.7]"
"Togo"," 2006"," MICS","No data","No data","No data","No data","No data"
"Togo"," 1998"," DHS","No data","No data","No data","No data","No data"
"Trinidad and Tobago"," 2006"," MICS","No data","No data","No data","No data","No data"
"Tunisia"," 2011"," MICS","No data","No data","No data","No data","No data"
"Turkey"," 2003"," DHS","No data","No data","No data","No data","No data"
"Turkey"," 1998"," DHS","No data","No data","No data","No data","No data"
"Turkey"," 1993"," DHS","No data","No data","No data","No data","No data"
"Turkmenistan"," 2015"," MICS","No data","No data","No data","No data","No data"
"Turkmenistan"," 2006"," MICS","No data","No data","No data","No data","No data"
"Uganda"," 2011"," DHS","47.9 [40.0-56.0]","49.5 [41.3-57.8]","43.1 [34.3-52.3]","47.0 [38.3-55.8]","47.1 [37.0-57.4]"
"Uganda"," 2006"," DHS","7.3 [4.2-12.2]","7.8 [4.1-14.3]","9.6 [5.4-16.4]","11.0 [7.1-16.8]","17.4 [11.5-25.5]"
"Uganda"," 2000"," DHS","No data","No data","No data","No data","No data"
"Uganda"," 1995"," DHS","No data","No data","No data","No data","No data"
"Ukraine"," 2012"," MICS","No data","No data","No data","No data","No data"
"Ukraine"," 2007"," DHS","No data","No data","No data","No data","No data"
"Ukraine"," 2005"," MICS","No data","No data","No data","No data","No data"
"Ukraine"," 1999"," RHS","No data","No data","No data","No data","No data"
"United Republic of Tanzania"," 2015"," DHS","48.1 [40.9-55.3]","54.5 [46.1-62.7]","58.0 [49.7-65.8]","56.1 [47.5-64.4]","54.4 [46.0-62.5]"
"United Republic of Tanzania"," 2010"," DHS","55.8 [47.4-63.9]","61.6 [53.6-69.0]","56.2 [47.4-64.7]","57.3 [47.9-66.1]","50.9 [40.1-61.6]"
"United Republic of Tanzania"," 2004"," DHS","3.5 [1.7-6.8]","7.1 [4.2-11.9]","13.0 [7.5-21.4]","15.8 [10.8-22.6]","47.2 [37.8-56.8]"
"United Republic of Tanzania"," 1999"," DHS","No data","No data","No data","No data","No data"
"United Republic of Tanzania"," 1996"," DHS","No data","No data","No data","No data","No data"
"Uruguay"," 2012"," MICS","No data","No data","No data","No data","No data"
"Uzbekistan"," 2006"," MICS","No data","No data","No data","No data","No data"
"Uzbekistan"," 1996"," DHS","No data","No data","No data","No data","No data"
"Vanuatu"," 2007"," MICS","No data","No data","No data","No data","No data"
"Viet Nam"," 2013"," MICS","No data","No data","No data","No data","No data"
"Viet Nam"," 2010"," MICS","16.0 [8.9-27.0]","16.4 [8.1-30.3]","11.2 [4.6-24.8]","9.1 [3.9-19.8]","5.0 [1.8-13.2]"
"Viet Nam"," 2006"," MICS","No data","No data","No data","No data","No data"
"Viet Nam"," 2002"," DHS","No data","No data","No data","No data","No data"
"Viet Nam"," 1997"," DHS","No data","No data","No data","No data","No data"
"Yemen"," 2013"," DHS","No data","No data","No data","No data","No data"
"Yemen"," 2006"," MICS","No data","No data","No data","No data","No data"
"Zambia"," 2013"," DHS","38.3 [32.6-44.4]","45.1 [39.0-51.3]","48.2 [41.4-55.2]","38.7 [31.0-47.1]","34.9 [27.7-42.8]"
"Zambia"," 2007"," DHS","27.7 [21.3-35.2]","35.2 [28.2-42.9]","38.7 [30.9-47.2]","27.1 [20.5-34.9]","32.8 [22.5-44.9]"
"Zambia"," 2001"," DHS","2.8 [1.0-7.2]","6.9 [4.0-11.6]","9.8 [6.2-15.2]","14.3 [9.5-21.0]","12.9 [8.1-19.8]"
"Zambia"," 1996"," DHS","No data","No data","No data","No data","No data"
"Zimbabwe"," 2015"," DHS","7.2 [3.4-14.4]","8.6 [4.5-15.9]","4.1 [1.5-10.3]","6.0 [3.3-10.8]","4.4 [2.1-9.1]"
"Zimbabwe"," 2014"," MICS","33.5 [26.2-41.7]","36.5 [29.2-44.4]","30.1 [23.0-38.2]","17.0 [12.4-22.9]","15.2 [10.4-21.6]"
"Zimbabwe"," 2010"," DHS","12.2 [7.1-20.0]","8.5 [4.8-14.7]","8.8 [4.6-16.0]","7.2 [3.9-13.0]","11.9 [7.4-18.6]"
"Zimbabwe"," 2009"," MICS","No data","No data","No data","No data","No data"
"Zimbabwe"," 2005"," DHS","0.7 [0.1-4.6]","0.9 [0.2-4.2]","2.7 [0.8-8.0]","5.6 [2.4-12.4]","7.9 [3.3-17.7]"
"Zimbabwe"," 1999"," DHS","No data","No data","No data","No data","No data"
"Zimbabwe"," 1994"," DHS","No data","No data","No data","No data","No data"
