"","","","Births attended by skilled health personnel (in the two or three years preceding the survey) (%)","Births attended by skilled health personnel (in the two or three years preceding the survey) (%)","Births attended by skilled health personnel (in the two or three years preceding the survey) (%)","Births attended by skilled health personnel (in the two or three years preceding the survey) (%)","Births attended by skilled health personnel (in the two or three years preceding the survey) (%)","Births attended by skilled health personnel (in the five years preceding the survey) (%)","Births attended by skilled health personnel (in the five years preceding the survey) (%)","Births attended by skilled health personnel (in the five years preceding the survey) (%)","Births attended by skilled health personnel (in the five years preceding the survey) (%)","Births attended by skilled health personnel (in the five years preceding the survey) (%)"
"Country","Year","Data Source"," Q1 (Poorest)"," Q2"," Q3"," Q4"," Q5 (Richest)"," Q1 (Poorest)"," Q2"," Q3"," Q4"," Q5 (Richest)"
"Afghanistan"," 2015"," DHS","26.9 [23.6-30.4]","39.7 [36.6-43.0]","47.1 [39.8-54.6]","68.6 [64.1-72.7]","88.0 [85.1-90.5]","24.0 [21.2-27.1]","36.9 [34.0-39.8]","43.6 [36.8-50.7]","64.9 [61.1-68.7]","85.2 [82.3-87.7]"
"Afghanistan"," 2010"," MICS","15.6 [12.3-19.5]","24.6 [20.9-28.6]","31.4 [27.1-36.1]","46.9 [40.9-53.0]","75.9 [72.1-79.3]","No data","No data","No data","No data","No data"
"Albania"," 2008"," DHS","99.6 [98.0-99.9]","99.3 [95.3-99.9]","98.9 [93.6-99.8]","100.0 [100.0-100.0]","100.0 [100.0-100.0]","98.4 [95.7-99.4]","99.2 [97.0-99.8]","99.4 [96.4-99.9]","100.0 [100.0-100.0]","100.0 [100.0-100.0]"
"Albania"," 2005"," MICS","99.0 [93.5-99.9]","100.0 [100.0-100.0]","100.0 [100.0-100.0]","100.0 [100.0-100.0]","100.0 [100.0-100.0]","No data","No data","No data","No data","No data"
"Albania"," 2002"," RHS","80.6 [75.7-84.8]","78.9 [72.0-84.5]","84.3 [78.2-88.9]","87.4 [82.3-91.1]","80.1 [72.4-86.1]","77.7 [73.3-81.5]","82.5 [77.6-86.5]","85.7 [81.3-89.2]","86.7 [82.6-89.9]","76.9 [70.1-82.5]"
"Algeria"," 2012"," MICS","94.6 [92.8-96.0]","96.6 [95.1-97.6]","96.4 [94.6-97.7]","97.3 [95.9-98.3]","98.7 [97.8-99.2]","No data","No data","No data","No data","No data"
"Angola"," 2015"," DHS","18.9 [16.1-22.0]","29.5 [26.2-32.9]","58.6 [54.8-62.3]","76.8 [71.9-81.0]","89.3 [85.9-91.9]","17.2 [14.9-19.8]","28.8 [25.8-32.0]","58.4 [55.1-61.6]","75.0 [71.0-78.6]","89.6 [86.6-92.0]"
"Argentina"," 2011"," MICS","No data","No data","No data","No data","No data","No data","No data","No data","No data","No data"
"Armenia"," 2010"," DHS","100.0 [100.0-100.0]","99.9 [99.3-100.0]","100.0 [100.0-100.0]","99.2 [94.4-99.9]","100.0 [100.0-100.0]","99.1 [96.8-99.8]","98.8 [92.5-99.8]","100.0 [100.0-100.0]","99.4 [96.2-99.9]","100.0 [100.0-100.0]"
"Armenia"," 2005"," DHS","97.6 [93.3-99.2]","98.2 [91.4-99.7]","100.0 [100.0-100.0]","99.0 [93.3-99.9]","100.0 [100.0-100.0]","95.6 [91.5-97.8]","98.8 [94.0-99.8]","100.0 [100.0-100.0]","97.6 [90.9-99.4]","100.0 [100.0-100.0]"
"Armenia"," 2000"," DHS","94.5 [90.0-97.0]","91.7 [83.5-96.0]","99.6 [97.4-99.9]","98.4 [94.2-99.6]","100.0 [100.0-100.0]","93.3 [88.7-96.2]","94.2 [89.4-96.9]","99.4 [97.5-99.9]","98.8 [96.3-99.6]","100.0 [100.0-100.0]"
"Azerbaijan"," 2006"," DHS","75.9 [64.2-84.7]","87.7 [82.7-91.4]","91.1 [84.9-94.9]","98.6 [95.8-99.5]","100.0 [100.0-100.0]","77.8 [69.1-84.6]","84.4 [78.4-89.0]","89.8 [84.4-93.4]","97.3 [95.5-98.4]","99.6 [97.0-99.9]"
"Bangladesh"," 2014"," DHS","17.9 [14.6-21.8]","29.9 [25.7-34.5]","38.8 [32.1-45.9]","52.0 [47.4-56.5]","74.4 [70.5-77.9]","No data","No data","No data","No data","No data"
"Bangladesh"," 2012"," MICS","26.5 [24.2-29.0]","33.4 [30.8-36.2]","38.0 [35.0-41.1]","50.2 [46.5-54.0]","72.8 [68.8-76.5]","No data","No data","No data","No data","No data"
"Bangladesh"," 2011"," DHS","11.5 [9.3-14.1]","18.6 [15.4-22.2]","28.2 [24.9-31.8]","43.2 [39.5-46.9]","63.8 [59.4-68.0]","9.4 [7.9-11.2]","15.1 [13.0-17.4]","23.7 [21.1-26.5]","37.3 [34.3-40.5]","61.1 [57.2-64.8]"
"Bangladesh"," 2007"," DHS","6.8 [4.9-9.4]","7.3 [5.2-10.0]","12.9 [10.1-16.3]","25.8 [21.7-30.3]","56.4 [52.3-60.5]","4.9 [3.5-6.6]","6.5 [5.1-8.2]","12.2 [9.8-15.0]","22.5 [19.2-26.1]","50.6 [46.3-54.9]"
"Bangladesh"," 2006"," MICS","6.5 [5.5-7.7]","9.0 [7.7-10.5]","14.5 [12.9-16.3]","24.8 [22.6-27.0]","55.0 [51.2-58.8]","No data","No data","No data","No data","No data"
"Bangladesh"," 2004"," DHS","3.7 [2.5-5.4]","4.4 [3.0-6.5]","12.1 [9.7-15.0]","20.4 [16.4-25.1]","45.8 [41.7-50.0]","3.3 [2.4-4.5]","4.3 [3.1-5.9]","10.2 [8.2-12.6]","17.0 [14.0-20.5]","39.4 [35.5-43.4]"
"Bangladesh"," 1999"," DHS","3.8 [2.7-5.3]","6.0 [4.4-8.2]","7.2 [5.4-9.5]","15.0 [12.1-18.4]","43.5 [38.7-48.4]","3.5 [2.6-4.7]","5.0 [3.7-6.6]","6.5 [5.1-8.2]","14.1 [11.6-16.9]","42.1 [37.6-46.7]"
"Bangladesh"," 1996"," DHS","1.7 [1.0-3.0]","2.2 [1.4-3.5]","4.5 [3.3-6.3]","10.0 [7.8-12.8]","30.8 [26.9-35.1]","1.8 [1.2-2.8]","2.5 [1.7-3.6]","4.1 [3.1-5.5]","9.0 [7.3-11.1]","29.7 [26.5-33.1]"
"Bangladesh"," 1993"," DHS","3.9 [2.3-6.4]","4.1 [2.8-5.8]","5.3 [3.8-7.4]","8.4 [6.6-10.8]","31.0 [26.9-35.5]","No data","No data","No data","No data","No data"
"Barbados"," 2012"," MICS","100.0 [100.0-100.0]","94.5 [78.3-98.8]","100.0 [100.0-100.0]","100.0 [100.0-100.0]","100.0 [100.0-100.0]","No data","No data","No data","No data","No data"
"Belarus"," 2012"," MICS","100.0 [100.0-100.0]","100.0 [100.0-100.0]","99.8 [98.4-100.0]","100.0 [100.0-100.0]","100.0 [100.0-100.0]","No data","No data","No data","No data","No data"
"Belarus"," 2005"," MICS","100.0 [100.0-100.0]","100.0 [100.0-100.0]","100.0 [100.0-100.0]","100.0 [100.0-100.0]","100.0 [100.0-100.0]","No data","No data","No data","No data","No data"
"Belize"," 2011"," MICS","89.4 [81.1-94.3]","98.5 [95.2-99.5]","97.6 [90.8-99.4]","99.6 [96.9-99.9]","98.1 [92.4-99.5]","No data","No data","No data","No data","No data"
"Belize"," 2006"," MICS","84.3 [71.1-92.2]","100.0 [100.0-100.0]","100.0 [100.0-100.0]","100.0 [100.0-100.0]","97.9 [86.4-99.7]","No data","No data","No data","No data","No data"
"Belize"," 1991"," RHS","57.6 [43.1-70.9]","76.2 [67.2-83.4]","94.9 [89.7-97.6]","94.5 [86.0-98.0]","96.9 [95.1-98.0]","57.1 [40.8-72.0]","75.2 [66.8-82.1]","93.8 [87.1-97.2]","94.1 [87.8-97.2]","95.1 [91.0-97.4]"
"Benin"," 2011"," DHS","65.7 [61.7-69.5]","79.5 [76.6-82.2]","85.6 [83.0-87.9]","96.6 [95.4-97.6]","98.8 [98.0-99.3]","64.4 [60.6-68.0]","78.4 [75.6-81.0]","84.9 [82.6-86.9]","96.6 [95.5-97.4]","98.8 [98.2-99.2]"
"Benin"," 2006"," DHS","59.1 [54.9-63.2]","72.0 [68.3-75.5]","81.9 [78.4-85.0]","92.5 [90.4-94.1]","98.2 [97.3-98.8]","55.8 [51.6-59.9]","70.4 [66.8-73.8]","79.5 [76.0-82.7]","91.2 [89.1-93.0]","97.4 [96.4-98.2]"
"Benin"," 2001"," DHS","51.6 [45.0-58.1]","62.3 [56.6-67.6]","79.7 [74.6-84.0]","91.6 [88.3-94.1]","98.9 [97.3-99.5]","49.6 [43.6-55.6]","60.5 [55.2-65.6]","76.9 [72.0-81.2]","90.2 [86.9-92.8]","99.3 [98.3-99.7]"
"Benin"," 1996"," DHS","34.4 [28.4-40.9]","53.1 [45.9-60.1]","66.1 [59.1-72.5]","87.6 [82.9-91.2]","97.5 [94.9-98.7]","No data","No data","No data","No data","No data"
"Bhutan"," 2010"," MICS","34.2 [29.0-39.7]","43.1 [38.0-48.3]","67.3 [62.3-71.9]","80.8 [76.3-84.6]","95.1 [92.2-97.0]","No data","No data","No data","No data","No data"
"Bolivia (Plurinational State of)"," 2008"," DHS","39.4 [35.4-43.4]","69.1 [64.6-73.3]","83.3 [80.2-86.1]","93.7 [91.2-95.5]","98.8 [97.5-99.4]","38.0 [34.5-41.6]","66.0 [62.0-69.7]","81.2 [78.2-83.9]","92.1 [89.7-94.0]","98.7 [97.7-99.2]"
"Bolivia (Plurinational State of)"," 2003"," DHS","28.9 [25.4-32.7]","52.6 [47.5-57.6]","74.4 [70.4-78.0]","89.4 [86.7-91.6]","98.7 [97.3-99.3]","26.6 [23.5-30.1]","49.7 [45.8-53.7]","69.9 [65.0-74.3]","87.6 [85.4-89.6]","98.4 [97.5-99.0]"
"Bolivia (Plurinational State of)"," 1998"," DHS","22.8 [19.9-25.9]","48.3 [44.2-52.4]","70.5 [65.8-74.9]","89.7 [85.6-92.7]","97.8 [96.7-98.5]","19.8 [17.4-22.4]","44.8 [41.4-48.3]","67.7 [63.1-71.9]","87.9 [84.3-90.8]","97.9 [96.8-98.6]"
"Bolivia (Plurinational State of)"," 1994"," DHS","11.4 [9.1-14.3]","34.7 [28.9-40.9]","48.5 [43.2-53.9]","75.4 [70.9-79.4]","96.5 [94.0-98.0]","No data","No data","No data","No data","No data"
"Bosnia and Herzegovina"," 2011"," MICS","100.0 [100.0-100.0]","99.6 [97.3-99.9]","100.0 [100.0-100.0]","100.0 [100.0-100.0]","100.0 [100.0-100.0]","No data","No data","No data","No data","No data"
"Bosnia and Herzegovina"," 2006"," MICS","99.2 [96.9-99.8]","100.0 [100.0-100.0]","100.0 [100.0-100.0]","99.0 [93.4-99.9]","99.6 [97.3-99.9]","No data","No data","No data","No data","No data"
"Brazil"," 1996"," DHS","73.7 [69.5-77.4]","89.2 [86.0-91.8]","96.2 [94.3-97.5]","98.5 [96.2-99.4]","99.0 [96.1-99.8]","71.6 [67.6-75.2]","88.7 [86.0-90.9]","95.7 [94.0-97.0]","97.7 [96.3-98.6]","98.6 [96.7-99.4]"
"Burkina Faso"," 2010"," DHS","50.8 [46.0-55.5]","64.1 [59.9-68.0]","73.8 [69.9-77.3]","83.2 [80.2-85.9]","95.7 [94.2-96.8]","46.6 [42.2-51.0]","57.4 [53.7-61.0]","68.4 [65.0-71.7]","77.8 [74.4-80.8]","93.3 [91.8-94.6]"
"Burkina Faso"," 2006"," MICS","56.0 [49.8-62.1]","54.8 [47.9-61.5]","46.5 [40.1-52.9]","48.8 [41.7-56.1]","64.6 [57.7-71.0]","No data","No data","No data","No data","No data"
"Burkina Faso"," 2003"," DHS","38.6 [33.3-44.3]","45.9 [40.5-51.3]","54.3 [49.5-59.0]","62.6 [55.8-68.9]","91.2 [88.1-93.5]","38.9 [33.6-44.4]","46.4 [41.3-51.5]","54.8 [50.0-59.5]","61.7 [55.2-67.9]","90.7 [88.0-92.9]"
"Burkina Faso"," 1998"," DHS","19.7 [16.1-23.9]","21.3 [17.4-25.8]","24.4 [19.0-30.7]","31.7 [25.2-38.9]","77.5 [71.9-82.3]","18.3 [15.1-22.0]","19.3 [16.3-22.7]","22.4 [17.8-27.8]","32.8 [26.5-39.6]","75.1 [69.8-79.8]"
"Burundi"," 2010"," DHS","55.2 [51.3-59.1]","58.9 [54.8-62.9]","64.3 [60.0-68.4]","66.3 [62.1-70.2]","83.1 [79.6-86.1]","50.7 [47.1-54.2]","53.6 [50.0-57.3]","57.6 [53.5-61.6]","61.4 [57.6-65.0]","80.8 [77.5-83.8]"
"Burundi"," 2005"," MICS","25.2 [21.2-29.6]","29.2 [24.8-34.1]","29.9 [25.8-34.3]","30.9 [26.3-35.8]","55.1 [50.0-60.0]","No data","No data","No data","No data","No data"
"Cabo Verde"," 1998"," RHS","33.7 [28.5-39.3]","35.8 [29.0-43.3]","60.7 [53.0-67.9]","83.7 [78.6-87.7]","81.4 [71.4-88.4]","31.5 [26.8-36.7]","33.5 [27.6-40.1]","56.6 [51.0-62.0]","81.9 [78.1-85.2]","81.1 [74.3-86.5]"
"Cambodia"," 2014"," DHS","79.0 [73.1-83.9]","90.9 [88.0-93.2]","95.3 [92.7-97.1]","97.9 [96.2-98.9]","98.7 [97.1-99.4]","75.2 [69.9-79.8]","87.0 [84.1-89.5]","92.7 [90.2-94.6]","96.5 [94.6-97.7]","98.4 [97.1-99.1]"
"Cambodia"," 2010"," DHS","56.3 [51.6-60.9]","69.5 [65.0-73.7]","79.1 [74.9-82.7]","89.9 [86.8-92.3]","97.3 [95.4-98.4]","48.7 [44.6-52.8]","63.7 [59.8-67.4]","74.5 [70.5-78.1]","86.5 [83.6-89.0]","96.7 [94.9-97.9]"
"Cambodia"," 2005"," DHS","22.4 [18.8-26.4]","32.7 [28.9-36.6]","43.4 [39.0-48.0]","64.5 [59.7-69.1]","92.4 [89.1-94.7]","20.7 [17.5-24.3]","29.0 [25.7-32.6]","39.6 [36.0-43.3]","61.9 [57.7-66.0]","89.9 [86.3-92.7]"
"Cambodia"," 2000"," DHS","14.2 [11.5-17.3]","22.8 [19.0-27.1]","30.1 [25.8-34.8]","43.4 [39.0-47.8]","81.5 [76.8-85.4]","14.7 [12.0-17.8]","21.3 [18.0-25.0]","27.4 [23.6-31.6]","40.7 [36.8-44.7]","81.2 [77.1-84.7]"
"Cameroon"," 2014"," MICS","21.3 [17.0-26.3]","52.5 [46.9-58.0]","81.0 [76.5-84.7]","92.8 [89.7-95.0]","97.9 [96.1-98.9]","No data","No data","No data","No data","No data"
"Cameroon"," 2011"," DHS","18.8 [15.7-22.4]","56.0 [51.0-60.8]","77.5 [73.7-80.9]","90.6 [87.9-92.8]","97.5 [96.3-98.3]","19.1 [15.8-22.8]","54.5 [49.6-59.3]","75.3 [71.0-79.1]","89.5 [86.9-91.6]","96.8 [95.5-97.7]"
"Cameroon"," 2006"," MICS","19.0 [14.3-24.7]","52.6 [44.7-60.4]","64.2 [57.3-70.6]","84.1 [79.6-87.8]","95.5 [91.4-97.7]","No data","No data","No data","No data","No data"
"Cameroon"," 2004"," DHS","30.2 [25.5-35.3]","45.6 [41.0-50.3]","73.8 [69.8-77.4]","87.2 [83.4-90.3]","94.9 [92.9-96.4]","29.3 [25.0-33.9]","44.7 [40.4-49.1]","72.7 [68.8-76.2]","86.5 [83.4-89.1]","94.4 [92.6-95.8]"
"Cameroon"," 1998"," DHS","27.9 [22.1-34.5]","43.4 [37.3-49.7]","63.5 [55.8-70.5]","84.3 [78.6-88.7]","89.2 [83.6-93.0]","No data","No data","No data","No data","No data"
"Central African Republic"," 2010"," MICS","33.1 [28.3-38.4]","39.1 [34.7-43.7]","49.9 [45.7-54.2]","70.1 [65.5-74.2]","87.2 [83.2-90.3]","No data","No data","No data","No data","No data"
"Central African Republic"," 2006"," MICS","26.8 [21.6-32.7]","38.0 [31.3-45.1]","52.3 [45.9-58.6]","68.9 [62.8-74.4]","88.7 [85.1-91.6]","No data","No data","No data","No data","No data"
"Central African Republic"," 1994"," DHS","14.3 [10.7-18.8]","25.2 [20.3-30.8]","40.7 [35.0-46.7]","69.9 [64.5-74.9]","81.7 [77.5-85.2]","No data","No data","No data","No data","No data"
"Chad"," 2014"," DHS","14.6 [11.8-17.9]","18.8 [16.0-22.0]","18.3 [15.3-21.6]","19.4 [16.5-22.8]","65.7 [62.2-68.9]","14.1 [11.4-17.3]","16.7 [14.3-19.4]","16.7 [14.1-19.7]","17.8 [15.0-21.0]","62.7 [59.1-66.2]"
"Chad"," 2010"," MICS","8.1 [6.0-11.0]","10.6 [8.1-13.8]","11.8 [9.6-14.5]","22.5 [19.1-26.3]","61.3 [56.2-66.2]","No data","No data","No data","No data","No data"
"Chad"," 2004"," DHS","4.8 [2.5-9.0]","12.5 [8.4-18.3]","16.2 [10.9-23.3]","18.8 [14.1-24.7]","55.9 [49.1-62.5]","3.6 [1.8-7.2]","12.5 [8.8-17.4]","13.8 [9.7-19.3]","19.6 [14.9-25.4]","55.4 [49.4-61.4]"
"Chad"," 1996"," DHS","13.0 [10.0-16.7]","15.1 [11.9-18.9]","14.0 [11.3-17.3]","26.0 [21.7-30.8]","51.3 [47.3-55.3]","12.6 [9.6-16.3]","15.4 [12.7-18.5]","14.7 [11.5-18.4]","25.5 [21.5-30.0]","52.4 [48.6-56.2]"
"Colombia"," 2015"," DHS","87.9 [85.3-90.1]","99.3 [98.8-99.6]","99.3 [98.6-99.6]","99.2 [98.1-99.7]","99.0 [93.2-99.9]","86.9 [84.1-89.2]","99.2 [98.7-99.5]","99.0 [98.4-99.4]","99.0 [98.0-99.5]","99.2 [95.9-99.9]"
"Colombia"," 2010"," DHS","85.1 [82.8-87.1]","97.3 [96.4-98.0]","99.0 [98.4-99.4]","99.5 [98.8-99.8]","99.3 [98.6-99.7]","83.7 [81.6-85.6]","96.4 [95.5-97.1]","98.7 [98.1-99.1]","99.3 [98.7-99.6]","99.4 [98.8-99.7]"
"Colombia"," 2005"," DHS","74.4 [71.5-77.0]","95.5 [94.3-96.4]","98.0 [97.1-98.6]","99.1 [98.1-99.6]","99.6 [99.0-99.8]","72.0 [69.3-74.5]","94.0 [93.0-94.9]","97.3 [96.5-97.9]","98.9 [98.2-99.3]","99.3 [98.7-99.6]"
"Colombia"," 2000"," DHS","65.7 [61.5-69.7]","85.7 [81.9-88.8]","95.8 [93.4-97.4]","98.2 [96.3-99.2]","98.7 [97.2-99.4]","64.3 [60.2-68.1]","85.6 [82.3-88.4]","94.7 [92.5-96.3]","98.6 [97.3-99.2]","98.6 [97.3-99.3]"
"Colombia"," 1995"," DHS","61.2 [56.7-65.4]","86.2 [83.2-88.8]","93.6 [90.9-95.5]","99.3 [98.1-99.7]","98.8 [97.2-99.5]","60.6 [56.7-64.3]","85.2 [82.4-87.6]","92.8 [90.4-94.6]","98.9 [97.9-99.4]","98.1 [96.7-98.9]"
"Comoros"," 2012"," DHS","66.0 [59.4-72.0]","80.2 [74.3-84.9]","90.8 [85.8-94.2]","94.6 [91.0-96.8]","95.0 [90.0-97.6]","66.3 [60.6-71.5]","78.9 [74.0-83.0]","86.3 [81.7-89.9]","93.7 [90.2-96.0]","92.7 [88.4-95.5]"
"Comoros"," 1996"," DHS","26.2 [20.1-33.4]","40.1 [32.3-48.4]","54.6 [46.9-62.0]","67.1 [59.1-74.2]","84.8 [75.2-91.1]","No data","No data","No data","No data","No data"
"Congo"," 2011"," DHS","81.4 [76.9-85.2]","95.4 [94.0-96.5]","98.1 [96.5-99.0]","99.0 [97.9-99.5]","99.2 [97.1-99.8]","80.8 [76.5-84.5]","95.0 [93.5-96.1]","97.6 [96.0-98.5]","98.3 [96.3-99.2]","99.5 [98.2-99.9]"
"Congo"," 2005"," DHS","72.2 [64.7-78.6]","79.6 [73.1-84.8]","93.6 [91.0-95.5]","98.9 [97.5-99.6]","98.7 [96.4-99.5]","69.8 [63.0-75.7]","79.6 [72.8-85.1]","93.7 [91.4-95.4]","97.6 [96.2-98.5]","98.1 [96.4-99.0]"
"Costa Rica"," 2011"," MICS","96.7 [91.1-98.9]","99.1 [96.2-99.8]","99.7 [98.0-100.0]","97.8 [85.7-99.7]","99.4 [97.0-99.9]","No data","No data","No data","No data","No data"
"Costa Rica"," 1992"," RHS","93.4 [87.1-96.7]","97.7 [94.9-98.9]","99.5 [96.6-99.9]","99.5 [96.6-99.9]","100.0 [100.0-100.0]","93.5 [87.0-96.8]","97.9 [96.0-98.9]","99.4 [96.0-99.9]","98.6 [96.0-99.5]","100.0 [100.0-100.0]"
"C么te d'Ivoire"," 2011"," DHS","37.0 [32.1-42.2]","54.0 [48.5-59.4]","55.4 [49.8-60.9]","79.6 [74.5-83.9]","91.7 [88.7-94.0]","35.0 [30.8-39.5]","51.8 [46.6-57.0]","54.5 [49.4-59.7]","78.9 [74.6-82.7]","91.2 [88.8-93.1]"
"C么te d'Ivoire"," 2006"," MICS","28.5 [22.8-35.0]","40.3 [33.8-47.1]","58.7 [52.7-64.4]","78.9 [73.4-83.5]","94.6 [91.5-96.6]","No data","No data","No data","No data","No data"
"C么te d'Ivoire"," 1998"," DHS","15.7 [9.8-24.2]","34.4 [25.7-44.3]","49.1 [40.4-57.8]","73.1 [65.5-79.5]","87.3 [82.1-91.2]","16.4 [10.9-24.0]","34.0 [26.9-41.9]","49.5 [41.1-57.9]","72.6 [65.4-78.7]","85.9 [81.3-89.6]"
"C么te d'Ivoire"," 1994"," DHS","16.8 [13.5-20.6]","29.6 [24.9-34.6]","45.8 [40.5-51.1]","65.2 [59.8-70.2]","83.5 [79.2-87.0]","No data","No data","No data","No data","No data"
"Cuba"," 2014"," MICS","No data","No data","No data","No data","No data","No data","No data","No data","No data","No data"
"Cuba"," 2010"," MICS","No data","No data","No data","No data","No data","No data","No data","No data","No data","No data"
"Cuba"," 2006"," MICS","No data","No data","No data","No data","No data","No data","No data","No data","No data","No data"
"Democratic Republic of the Congo"," 2013"," DHS","66.8 [62.3-71.0]","72.6 [67.3-77.4]","79.3 [75.1-82.9]","92.1 [89.3-94.3]","97.8 [96.4-98.6]","66.3 [62.0-70.3]","72.3 [67.3-76.8]","78.7 [74.9-82.0]","91.6 [89.0-93.6]","97.5 [95.9-98.5]"
"Democratic Republic of the Congo"," 2010"," MICS","59.8 [54.2-65.2]","67.5 [61.8-72.7]","69.0 [62.1-75.1]","85.1 [74.2-91.9]","96.2 [94.3-97.5]","No data","No data","No data","No data","No data"
"Democratic Republic of the Congo"," 2007"," DHS","61.5 [55.4-67.3]","65.2 [57.9-71.9]","75.4 [69.0-80.8]","86.7 [79.7-91.5]","97.9 [96.4-98.8]","59.2 [53.5-64.6]","62.0 [55.3-68.3]","73.3 [66.0-79.5]","85.2 [77.9-90.4]","97.7 [96.7-98.4]"
"Djibouti"," 2006"," MICS","No data","No data","No data","No data","No data","No data","No data","No data","No data","No data"
"Dominican Republic"," 2014"," MICS","97.9 [96.7-98.7]","99.1 [98.2-99.5]","99.4 [98.5-99.8]","98.4 [96.4-99.3]","98.9 [97.0-99.6]","No data","No data","No data","No data","No data"
"Dominican Republic"," 2013"," DHS","97.0 [95.4-98.0]","99.5 [98.5-99.9]","98.9 [97.2-99.6]","99.4 [98.0-99.8]","97.4 [89.3-99.4]","97.2 [96.0-98.1]","99.5 [98.8-99.8]","99.1 [97.8-99.6]","99.6 [98.9-99.9]","97.8 [93.9-99.2]"
"Dominican Republic"," 2007"," DHS","95.3 [93.9-96.4]","99.0 [98.1-99.5]","98.2 [95.5-99.3]","99.3 [97.1-99.8]","99.4 [97.5-99.8]","95.0 [93.8-96.0]","98.6 [97.8-99.2]","98.5 [97.2-99.2]","99.1 [97.5-99.7]","99.1 [97.1-99.7]"
"Dominican Republic"," 2002"," DHS","94.4 [93.0-95.6]","98.8 [97.7-99.3]","99.1 [98.3-99.6]","99.7 [98.8-99.9]","99.7 [98.3-99.9]","93.8 [92.4-95.0]","98.2 [97.0-98.9]","98.9 [98.0-99.3]","99.5 [99.0-99.8]","99.6 [98.9-99.8]"
"Dominican Republic"," 1999"," DHS","95.3 [87.9-98.2]","100.0 [100.0-100.0]","100.0 [100.0-100.0]","98.2 [87.8-99.8]","91.4 [62.5-98.6]","95.5 [90.3-98.0]","99.7 [97.9-100.0]","98.7 [92.0-99.8]","97.4 [83.4-99.6]","93.7 [71.8-98.9]"
"Dominican Republic"," 1996"," DHS","89.6 [86.6-92.0]","97.0 [95.2-98.1]","98.1 [96.1-99.1]","98.3 [95.8-99.3]","97.7 [93.7-99.2]","88.6 [85.6-91.0]","96.9 [95.6-97.9]","97.3 [95.2-98.5]","98.4 [97.1-99.2]","97.8 [94.8-99.1]"
"Ecuador"," 2004"," RHS","39.6 [33.8-45.6]","72.6 [67.5-77.1]","87.4 [83.3-90.6]","91.7 [88.1-94.3]","93.3 [87.4-96.6]","40.7 [35.5-46.0]","71.0 [66.4-75.3]","84.0 [80.8-86.9]","90.1 [87.3-92.4]","94.3 [90.7-96.6]"
"Ecuador"," 1999"," RHS","34.9 [30.4-39.8]","54.7 [49.6-59.8]","78.7 [74.5-82.4]","87.9 [85.0-90.3]","93.4 [91.0-95.3]","34.4 [30.0-39.1]","52.2 [47.4-56.9]","76.6 [72.6-80.2]","87.9 [85.3-90.0]","92.7 [90.5-94.3]"
"Ecuador"," 1994"," RHS","20.5 [16.4-25.3]","41.8 [36.3-47.4]","59.8 [54.7-64.7]","64.9 [59.3-70.2]","58.0 [51.3-64.5]","21.0 [17.1-25.5]","40.1 [35.5-45.0]","57.0 [52.3-61.6]","64.8 [60.2-69.1]","55.6 [50.5-60.6]"
"Egypt"," 2014"," DHS","85.0 [82.0-87.6]","87.1 [84.8-89.1]","94.7 [93.2-95.8]","97.2 [96.2-98.0]","98.9 [98.0-99.4]","82.4 [79.3-85.1]","85.9 [83.9-87.6]","93.5 [92.0-94.8]","96.5 [95.3-97.4]","99.0 [98.3-99.4]"
"Egypt"," 2008"," DHS","58.2 [54.6-61.7]","72.8 [69.5-75.8]","84.9 [82.6-87.0]","91.0 [89.0-92.6]","97.4 [96.0-98.3]","55.2 [52.1-58.2]","70.1 [67.1-73.0]","82.8 [80.6-84.8]","90.7 [88.9-92.3]","96.9 [95.8-97.8]"
"Egypt"," 2005"," DHS","52.2 [46.7-57.7]","66.7 [60.9-72.0]","80.4 [76.1-84.1]","87.9 [84.1-90.9]","96.8 [94.6-98.1]","50.5 [45.7-55.2]","63.5 [58.3-68.4]","78.2 [74.1-81.8]","87.4 [84.1-90.1]","95.7 [93.5-97.2]"
"Egypt"," 2000"," DHS","34.5 [31.1-38.0]","49.6 [45.2-54.0]","63.9 [60.4-67.2]","78.4 [75.3-81.2]","94.2 [92.4-95.7]","31.4 [28.3-34.5]","45.5 [41.8-49.3]","61.1 [58.1-63.9]","76.2 [73.3-78.9]","94.2 [92.6-95.5]"
"Egypt"," 1995"," DHS","22.2 [19.4-25.4]","32.1 [28.7-35.7]","48.6 [44.6-52.6]","64.6 [60.7-68.3]","86.8 [83.7-89.5]","20.5 [18.4-22.8]","29.8 [26.8-33.0]","47.0 [43.7-50.5]","62.1 [58.4-65.6]","86.4 [83.7-88.7]"
"El Salvador"," 2014"," MICS","93.4 [90.2-95.6]","98.1 [96.1-99.1]","99.3 [98.4-99.7]","99.5 [98.6-99.8]","99.5 [98.4-99.9]","No data","No data","No data","No data","No data"
"El Salvador"," 2008"," RHS","No data","No data","No data","No data","No data","No data","No data","No data","No data","No data"
"El Salvador"," 2002"," RHS","No data","No data","No data","No data","No data","No data","No data","No data","No data","No data"
"El Salvador"," 1998"," RHS","No data","No data","No data","No data","No data","No data","No data","No data","No data","No data"
"El Salvador"," 1993"," RHS","No data","No data","No data","No data","No data","No data","No data","No data","No data","No data"
"Eswatini"," 2014"," MICS","76.3 [70.7-81.2]","86.9 [81.8-90.7]","90.3 [84.4-94.2]","95.0 [90.5-97.4]","95.1 [87.7-98.2]","No data","No data","No data","No data","No data"
"Eswatini"," 2010"," MICS","65.0 [57.4-71.9]","75.9 [67.8-82.5]","86.9 [81.1-91.0]","89.2 [84.2-92.7]","94.0 [89.3-96.7]","No data","No data","No data","No data","No data"
"Eswatini"," 2006"," DHS","50.8 [44.7-57.0]","66.5 [61.1-71.5]","82.1 [77.1-86.3]","87.6 [81.9-91.6]","93.0 [89.1-95.6]","50.6 [45.5-55.7]","66.0 [61.7-70.0]","77.9 [73.1-82.1]","86.4 [82.2-89.8]","92.3 [89.2-94.5]"
"Ethiopia"," 2011"," DHS","2.9 [1.8-4.4]","3.8 [2.5-5.7]","4.1 [2.8-6.0]","9.2 [6.6-12.7]","50.4 [43.7-57.0]","2.1 [1.5-3.1]","3.8 [2.8-5.3]","4.1 [2.8-5.8]","8.5 [6.5-10.9]","46.3 [40.1-52.6]"
"Ethiopia"," 2005"," DHS","1.3 [0.7-2.4]","1.4 [0.8-2.5]","1.8 [1.0-3.0]","5.0 [3.7-6.7]","29.1 [24.1-34.7]","0.9 [0.5-1.6]","1.3 [0.8-2.1]","2.0 [1.3-3.0]","4.5 [3.2-6.1]","26.7 [22.8-30.9]"
"Ethiopia"," 2000"," DHS","1.1 [0.5-2.2]","1.3 [0.7-2.4]","1.9 [1.1-3.2]","3.2 [2.2-4.6]","25.3 [20.9-30.3]","0.9 [0.5-1.6]","1.5 [1.0-2.3]","2.0 [1.2-3.4]","3.3 [2.4-4.6]","25.3 [21.8-29.2]"
"Gabon"," 2012"," DHS","76.5 [72.8-79.7]","92.4 [88.7-95.0]","94.7 [90.4-97.1]","95.1 [90.4-97.6]","95.6 [90.9-98.0]","75.6 [72.1-78.7]","91.8 [87.8-94.6]","93.8 [90.6-96.0]","95.2 [90.8-97.6]","95.2 [90.3-97.7]"
"Gabon"," 2000"," DHS","65.0 [60.7-69.2]","85.6 [81.8-88.6]","94.2 [91.1-96.3]","94.4 [89.8-97.0]","96.4 [92.3-98.4]","67.2 [63.6-70.6]","85.7 [82.6-88.3]","91.5 [88.7-93.6]","93.9 [90.0-96.3]","97.1 [94.6-98.5]"
"Gambia"," 2013"," DHS","47.5 [42.8-52.3]","47.2 [42.4-52.1]","49.1 [42.5-55.8]","68.5 [62.9-73.6]","81.8 [75.5-86.7]","45.5 [41.2-49.8]","45.7 [41.3-50.2]","47.0 [41.0-53.2]","69.7 [64.1-74.7]","82.2 [76.5-86.7]"
"Gambia"," 2005"," MICS","28.3 [24.6-32.4]","45.9 [41.1-50.8]","59.0 [53.4-64.3]","72.7 [66.2-78.3]","88.6 [85.0-91.3]","No data","No data","No data","No data","No data"
"Georgia"," 2005"," MICS","95.1 [87.1-98.2]","99.0 [96.1-99.8]","98.8 [94.3-99.8]","99.4 [96.1-99.9]","98.5 [93.9-99.6]","No data","No data","No data","No data","No data"
"Ghana"," 2014"," DHS","50.6 [44.0-57.1]","63.5 [58.7-68.0]","77.9 [72.3-82.6]","95.0 [92.3-96.8]","97.6 [95.6-98.7]","46.9 [40.8-53.1]","60.7 [56.5-64.7]","77.2 [72.5-81.3]","93.6 [91.3-95.3]","96.7 [94.6-98.0]"
"Ghana"," 2011"," MICS","38.6 [34.2-43.3]","57.3 [51.6-62.8]","70.6 [65.2-75.5]","85.9 [80.8-89.8]","97.6 [94.2-99.0]","No data","No data","No data","No data","No data"
"Ghana"," 2008"," DHS","23.1 [19.2-27.4]","51.9 [45.6-58.1]","66.4 [60.9-71.5]","82.2 [77.0-86.5]","95.8 [91.5-98.0]","24.2 [20.8-28.1]","50.0 [44.4-55.6]","64.8 [59.5-69.7]","81.7 [76.8-85.8]","94.6 [90.9-96.8]"
"Ghana"," 2006"," MICS","22.6 [17.7-28.4]","32.5 [26.8-38.9]","46.3 [38.7-54.0]","74.3 [67.2-80.3]","89.9 [83.9-93.9]","No data","No data","No data","No data","No data"
"Ghana"," 2003"," DHS","19.4 [15.9-23.5]","30.4 [25.1-36.2]","42.9 [37.5-48.5]","72.7 [66.6-78.1]","89.6 [84.3-93.2]","20.6 [17.3-24.4]","31.9 [26.9-37.3]","43.3 [38.5-48.1]","73.0 [68.2-77.4]","90.4 [86.5-93.3]"
"Ghana"," 1998"," DHS","20.2 [16.5-24.4]","26.7 [22.0-32.1]","49.3 [43.1-55.5]","64.8 [58.0-71.1]","86.7 [80.4-91.2]","20.6 [17.3-24.3]","27.4 [23.3-31.9]","48.3 [42.3-54.3]","65.0 [58.7-70.9]","86.0 [81.1-89.8]"
"Ghana"," 1993"," DHS","25.3 [19.9-31.5]","24.1 [19.8-29.1]","31.6 [26.6-37.1]","62.3 [56.3-67.9]","85.3 [80.6-89.0]","No data","No data","No data","No data","No data"
"Guatemala"," 2014"," DHS","39.9 [36.2-43.6]","56.9 [53.2-60.6]","78.6 [75.7-81.2]","92.1 [90.0-93.7]","96.4 [94.4-97.7]","37.4 [33.9-41.1]","54.2 [50.8-57.5]","74.1 [71.3-76.7]","89.9 [88.1-91.5]","95.9 [94.3-97.0]"
"Guatemala"," 2008"," RHS","23.2 [20.9-25.5]","43.0 [39.7-46.4]","63.1 [59.3-66.8]","88.4 [85.6-90.7]","96.3 [93.8-97.8]","20.5 [18.7-22.3]","41.0 [38.3-43.8]","61.4 [58.4-64.4]","86.2 [83.9-88.2]","95.1 [92.8-96.7]"
"Guatemala"," 2002"," RHS","13.7 [11.6-16.1]","29.8 [26.1-33.7]","48.7 [43.7-53.7]","75.6 [70.2-80.3]","90.6 [85.9-93.9]","10.9 [9.4-12.6]","27.4 [24.3-30.8]","46.1 [41.8-50.5]","72.1 [67.3-76.5]","89.6 [85.4-92.7]"
"Guatemala"," 1998"," DHS","9.1 [7.2-11.5]","19.6 [12.3-29.7]","40.8 [33.2-48.9]","74.5 [67.3-80.6]","92.4 [82.8-96.8]","8.8 [6.8-11.3]","17.8 [11.7-26.0]","38.8 [31.4-46.7]","73.5 [66.3-79.7]","91.9 [82.6-96.4]"
"Guatemala"," 1995"," DHS","10.0 [7.6-12.9]","16.5 [13.6-19.9]","33.6 [29.6-37.8]","62.7 [56.6-68.4]","92.9 [89.8-95.1]","9.3 [7.1-12.1]","16.1 [13.4-19.2]","31.1 [27.4-35.0]","62.8 [57.1-68.2]","91.5 [88.8-93.6]"
"Guinea"," 2012"," DHS","18.9 [14.6-24.2]","28.4 [23.8-33.4]","39.0 [33.0-45.4]","67.7 [62.7-72.4]","91.9 [88.1-94.5]","17.0 [13.3-21.5]","28.9 [24.5-33.8]","38.9 [33.0-45.1]","66.9 [62.3-71.2]","91.6 [89.0-93.6]"
"Guinea"," 2005"," DHS","15.2 [10.6-21.3]","20.0 [16.7-23.8]","34.8 [29.1-41.1]","57.5 [52.7-62.2]","86.8 [82.5-90.2]","14.5 [10.2-20.2]","20.0 [16.7-23.7]","34.2 [28.8-40.0]","55.2 [51.0-59.4]","87.4 [83.4-90.5]"
"Guinea"," 1999"," DHS","12.4 [9.3-16.4]","16.0 [12.5-20.3]","27.1 [22.9-31.8]","55.3 [49.3-61.1]","84.1 [80.6-87.1]","12.1 [9.3-15.6]","16.0 [13.0-19.5]","26.9 [23.0-31.3]","54.5 [49.1-59.9]","81.5 [78.3-84.3]"
"Guinea-Bissau"," 2014"," MICS","26.1 [21.5-31.2]","30.3 [26.1-35.0]","34.8 [30.3-39.5]","68.6 [61.3-75.1]","82.8 [77.4-87.1]","No data","No data","No data","No data","No data"
"Guinea-Bissau"," 2006"," MICS","19.4 [15.5-24.1]","25.9 [21.9-30.3]","30.9 [26.7-35.5]","53.9 [48.8-58.9]","78.5 [73.5-82.8]","No data","No data","No data","No data","No data"
"Guyana"," 2014"," MICS","79.3 [72.0-85.1]","96.1 [91.7-98.2]","97.2 [89.7-99.3]","100.0 [100.0-100.0]","100.0 [100.0-100.0]","No data","No data","No data","No data","No data"
"Guyana"," 2009"," DHS","81.6 [77.4-85.3]","95.6 [91.2-97.8]","95.9 [90.9-98.2]","97.6 [93.9-99.1]","97.0 [92.8-98.8]","81.0 [76.7-84.7]","96.0 [92.9-97.7]","95.2 [91.7-97.2]","98.2 [95.8-99.3]","96.3 [92.5-98.2]"
"Guyana"," 2006"," MICS","63.9 [54.2-72.7]","91.3 [85.1-95.1]","93.4 [86.1-97.0]","90.9 [82.4-95.6]","93.2 [84.6-97.2]","No data","No data","No data","No data","No data"
"Haiti"," 2012"," DHS","10.9 [8.8-13.3]","22.1 [18.5-26.2]","43.2 [38.9-47.7]","54.6 [48.6-60.6]","82.5 [77.9-86.3]","9.6 [8.0-11.5]","20.5 [17.4-23.9]","38.4 [34.9-42.0]","54.5 [49.8-59.1]","78.1 [73.7-82.0]"
"Haiti"," 2005"," DHS","7.8 [5.9-10.2]","12.3 [9.7-15.6]","22.1 [17.2-27.9]","41.7 [36.6-46.9]","70.4 [63.0-77.0]","6.4 [5.0-8.1]","10.8 [8.7-13.3]","20.7 [16.8-25.2]","41.3 [37.1-45.7]","67.5 [62.4-72.2]"
"Haiti"," 2000"," DHS","3.9 [2.5-6.1]","11.8 [7.8-17.6]","13.4 [10.6-17.0]","39.7 [35.8-43.9]","71.3 [65.8-76.2]","4.1 [3.1-5.4]","9.4 [6.5-13.4]","13.5 [10.7-16.7]","37.9 [33.5-42.5]","70.0 [65.0-74.7]"
"Haiti"," 1994"," DHS","23.8 [18.5-30.1]","36.7 [30.6-43.3]","45.3 [38.5-52.3]","57.5 [52.3-62.6]","76.2 [69.5-81.8]","24.0 [18.5-30.5]","37.3 [31.5-43.4]","47.4 [41.6-53.3]","60.7 [56.2-65.0]","78.2 [72.7-82.8]"
"Honduras"," 2011"," DHS","61.1 [57.8-64.2]","83.4 [81.0-85.6]","91.8 [89.8-93.5]","96.9 [95.3-98.0]","98.3 [96.6-99.2]","57.7 [54.9-60.5]","80.8 [78.5-82.9]","91.1 [89.3-92.6]","96.1 [94.8-97.1]","98.4 [97.1-99.1]"
"Honduras"," 2005"," DHS","37.5 [34.5-40.6]","56.3 [53.1-59.5]","80.8 [77.3-83.8]","90.5 [87.6-92.8]","98.3 [96.7-99.1]","33.4 [30.9-36.0]","51.4 [48.7-54.2]","78.5 [75.6-81.1]","89.4 [86.6-91.6]","98.6 [97.6-99.2]"
"Honduras"," 2001"," RHS","No data","No data","No data","No data","No data","No data","No data","No data","No data","No data"
"Honduras"," 1996"," RHS","No data","No data","No data","No data","No data","No data","No data","No data","No data","No data"
"Honduras"," 1991"," RHS","No data","No data","No data","No data","No data","No data","No data","No data","No data","No data"
"India"," 2005"," DHS","21.0 [19.3-22.8]","34.1 [32.3-36.0]","51.8 [49.7-53.9]","69.6 [67.7-71.5]","89.8 [88.4-91.0]","19.4 [18.0-20.9]","31.8 [30.2-33.5]","49.0 [47.1-50.9]","67.2 [65.4-69.0]","88.8 [87.5-90.0]"
"India"," 1998"," DHS","16.4 [15.2-17.6]","25.9 [24.3-27.6]","42.0 [40.2-43.7]","60.6 [58.8-62.4]","84.4 [83.0-85.8]","No data","No data","No data","No data","No data"
"Indonesia"," 2012"," DHS","60.4 [57.2-63.6]","84.0 [81.3-86.4]","90.9 [88.7-92.7]","95.3 [93.0-96.9]","97.4 [95.7-98.5]","57.5 [54.4-60.6]","81.8 [79.4-84.0]","89.7 [87.7-91.4]","93.2 [91.2-94.7]","96.6 [94.9-97.8]"
"Indonesia"," 2007"," DHS","46.5 [43.2-49.9]","68.6 [64.2-72.6]","80.1 [76.7-83.1]","88.5 [85.5-90.9]","96.0 [93.8-97.5]","43.8 [40.8-46.9]","66.4 [62.7-69.8]","78.8 [75.5-81.8]","87.3 [84.5-89.6]","95.4 [93.6-96.7]"
"Indonesia"," 2002"," DHS","42.0 [37.8-46.4]","58.5 [53.5-63.4]","68.2 [63.3-72.7]","84.4 [80.1-87.9]","94.9 [92.7-96.5]","39.9 [36.0-43.8]","56.1 [51.3-60.8]","68.7 [64.2-72.8]","80.6 [76.3-84.3]","93.6 [91.8-95.0]"
"Indonesia"," 1997"," DHS","21.9 [19.2-24.8]","36.7 [32.8-40.7]","50.8 [46.1-55.4]","66.6 [61.7-71.1]","89.3 [85.8-92.0]","21.3 [19.1-23.6]","34.8 [31.7-38.1]","48.1 [44.1-52.1]","64.4 [60.5-68.2]","89.2 [86.3-91.5]"
"Indonesia"," 1994"," DHS","No data","No data","No data","No data","No data","No data","No data","No data","No data","No data"
"Iraq"," 2011"," MICS","82.2 [80.3-83.9]","89.6 [87.8-91.2]","93.7 [92.0-95.0]","95.5 [93.8-96.7]","96.0 [93.2-97.6]","No data","No data","No data","No data","No data"
"Iraq"," 2006"," MICS","No data","No data","No data","No data","No data","No data","No data","No data","No data","No data"
"Jamaica"," 2011"," MICS","96.5 [89.1-98.9]","99.6 [97.2-99.9]","100.0 [100.0-100.0]","100.0 [100.0-100.0]","100.0 [100.0-100.0]","No data","No data","No data","No data","No data"
"Jamaica"," 2005"," MICS","No data","No data","No data","No data","No data","No data","No data","No data","No data","No data"
"Jordan"," 2012"," DHS","98.6 [96.2-99.5]","100.0 [99.9-100.0]","100.0 [100.0-100.0]","99.2 [95.7-99.9]","100.0 [100.0-100.0]","98.9 [97.6-99.5]","100.0 [99.8-100.0]","100.0 [99.8-100.0]","99.5 [97.5-99.9]","100.0 [100.0-100.0]"
"Jordan"," 2007"," DHS","98.4 [96.7-99.3]","98.7 [97.3-99.4]","99.5 [99.0-99.8]","100.0 [99.7-100.0]","100.0 [100.0-100.0]","98.0 [96.8-98.8]","98.8 [97.9-99.3]","99.3 [98.5-99.7]","99.8 [99.2-99.9]","100.0 [100.0-100.0]"
"Jordan"," 2002"," DHS","98.6 [96.3-99.5]","99.8 [99.3-99.9]","99.9 [99.2-100.0]","99.9 [99.1-100.0]","100.0 [100.0-100.0]","98.7 [96.8-99.5]","99.7 [99.4-99.9]","99.9 [99.6-100.0]","99.7 [98.9-99.9]","100.0 [100.0-100.0]"
"Jordan"," 1997"," DHS","92.6 [90.0-94.5]","97.6 [96.0-98.5]","98.7 [97.4-99.4]","97.9 [96.4-98.8]","99.3 [97.6-99.8]","91.2 [88.8-93.2]","97.5 [96.2-98.3]","98.4 [97.4-99.0]","98.0 [96.8-98.8]","99.3 [98.1-99.7]"
"Kazakhstan"," 2015"," MICS","99.7 [98.6-99.9]","99.0 [97.5-99.6]","99.5 [98.3-99.8]","99.0 [97.3-99.6]","99.7 [98.7-99.9]","No data","No data","No data","No data","No data"
"Kazakhstan"," 2010"," MICS","99.5 [96.6-99.9]","100.0 [100.0-100.0]","99.8 [98.8-100.0]","100.0 [100.0-100.0]","100.0 [100.0-100.0]","No data","No data","No data","No data","No data"
"Kazakhstan"," 2006"," MICS","100.0 [100.0-100.0]","100.0 [100.0-100.0]","100.0 [100.0-100.0]","99.2 [96.8-99.8]","99.8 [98.9-100.0]","No data","No data","No data","No data","No data"
"Kazakhstan"," 1999"," DHS","99.5 [98.0-99.9]","99.2 [94.0-99.9]","98.8 [91.9-99.8]","100.0 [100.0-100.0]","99.1 [93.4-99.9]","99.2 [97.5-99.8]","99.6 [96.7-99.9]","98.6 [95.1-99.6]","99.0 [95.4-99.8]","98.5 [93.6-99.6]"
"Kazakhstan"," 1995"," DHS","99.4 [95.9-99.9]","100.0 [100.0-100.0]","98.8 [95.2-99.7]","100.0 [100.0-100.0]","100.0 [100.0-100.0]","No data","No data","No data","No data","No data"
"Kenya"," 2014"," DHS","34.0 [31.0-37.1]","54.0 [51.2-56.9]","66.6 [63.7-69.4]","84.1 [81.6-86.3]","92.9 [91.3-94.2]","31.1 [28.5-33.9]","49.9 [47.5-52.3]","63.0 [60.4-65.6]","80.6 [78.4-82.7]","92.7 [91.2-93.9]"
"Kenya"," 2008"," DHS","22.1 [17.7-27.3]","31.8 [26.2-38.0]","41.2 [35.5-47.2]","55.8 [49.8-61.6]","81.6 [77.3-85.3]","20.3 [16.6-24.6]","31.3 [26.8-36.2]","41.9 [36.6-47.4]","52.9 [47.3-58.3]","81.4 [76.5-85.5]"
"Kenya"," 2003"," DHS","17.1 [13.9-20.9]","33.0 [28.3-38.1]","36.6 [31.5-42.0]","55.1 [49.8-60.3]","75.8 [71.7-79.4]","17.0 [14.2-20.3]","32.8 [28.9-37.0]","38.1 [33.7-42.8]","55.0 [49.9-59.9]","75.4 [71.9-78.6]"
"Kenya"," 1998"," DHS","23.2 [19.4-27.6]","33.3 [29.8-37.0]","41.9 [37.5-46.4]","56.1 [50.5-61.6]","79.6 [74.5-84.0]","No data","No data","No data","No data","No data"
"Kenya"," 1993"," DHS","21.1 [18.1-24.4]","32.7 [28.9-36.7]","43.3 [38.5-48.2]","56.1 [50.8-61.3]","75.5 [70.9-79.7]","23.1 [20.4-25.9]","33.1 [29.9-36.6]","45.7 [41.7-49.8]","56.7 [51.7-61.6]","76.5 [72.1-80.3]"
"Kyrgyzstan"," 2014"," MICS","96.5 [90.8-98.7]","98.9 [97.0-99.6]","98.9 [97.1-99.6]","98.5 [95.6-99.5]","99.2 [97.0-99.8]","No data","No data","No data","No data","No data"
"Kyrgyzstan"," 2012"," DHS","99.1 [96.8-99.7]","99.8 [98.5-100.0]","98.7 [96.4-99.5]","98.1 [94.5-99.3]","100.0 [100.0-100.0]","99.2 [97.3-99.7]","99.6 [98.7-99.8]","98.8 [97.4-99.5]","98.6 [96.0-99.5]","99.7 [99.3-99.9]"
"Kyrgyzstan"," 2005"," MICS","93.4 [84.5-97.3]","98.8 [95.4-99.7]","97.2 [90.4-99.2]","98.1 [87.7-99.7]","100.0 [100.0-100.0]","No data","No data","No data","No data","No data"
"Kyrgyzstan"," 1997"," DHS","96.0 [90.0-98.4]","98.2 [94.5-99.4]","98.1 [93.5-99.4]","99.7 [98.1-100.0]","100.0 [100.0-100.0]","No data","No data","No data","No data","No data"
"Lao People's Democratic Republic"," 2011"," MICS","10.8 [8.7-13.4]","23.9 [20.5-27.7]","45.0 [40.9-49.1]","64.3 [59.7-68.6]","90.7 [87.6-93.1]","No data","No data","No data","No data","No data"
"Lao People's Democratic Republic"," 2006"," MICS","3.0 [1.7-5.0]","8.6 [6.0-12.4]","14.3 [10.2-19.7]","32.8 [25.9-40.5]","81.2 [72.4-87.6]","No data","No data","No data","No data","No data"
"Lesotho"," 2014"," DHS","65.2 [60.7-69.4]","72.3 [67.2-76.9]","82.4 [76.5-87.0]","90.2 [85.4-93.5]","94.4 [89.3-97.1]","60.1 [55.6-64.4]","67.2 [62.9-71.3]","80.8 [75.6-85.1]","89.9 [86.4-92.6]","94.0 [90.5-96.2]"
"Lesotho"," 2009"," DHS","36.2 [31.5-41.2]","50.3 [44.7-56.0]","60.2 [55.2-65.0]","77.6 [72.3-82.2]","92.6 [89.3-95.0]","34.6 [30.7-38.8]","50.1 [45.3-54.9]","60.9 [56.7-65.0]","78.5 [74.7-81.9]","89.7 [86.5-92.2]"
"Lesotho"," 2004"," DHS","34.3 [30.3-38.5]","39.4 [34.8-44.2]","57.7 [52.1-63.0]","70.1 [63.8-75.7]","81.5 [76.3-85.8]","33.7 [30.5-37.1]","42.0 [38.3-45.8]","56.6 [52.0-61.1]","69.3 [63.6-74.5]","83.2 [79.2-86.6]"
"Liberia"," 2013"," DHS","46.0 [41.3-50.7]","56.4 [51.9-60.8]","63.8 [57.3-69.8]","78.3 [71.2-84.0]","88.7 [77.8-94.7]","43.2 [39.3-47.1]","50.5 [46.2-54.9]","62.2 [57.2-66.9]","75.8 [69.4-81.2]","89.0 [80.8-94.0]"
"Liberia"," 2007"," DHS","29.9 [23.5-37.3]","31.6 [25.3-38.7]","45.6 [39.4-52.0]","73.9 [68.0-79.1]","81.6 [75.4-86.4]","25.8 [20.1-32.4]","31.9 [26.6-37.7]","42.6 [37.1-48.4]","68.7 [62.8-74.1]","81.3 [76.1-85.6]"
"Madagascar"," 2008"," DHS","22.4 [19.3-25.8]","28.0 [24.7-31.5]","42.5 [38.2-46.8]","58.3 [53.3-63.1]","90.4 [87.9-92.4]","21.9 [19.0-25.1]","28.3 [25.2-31.7]","42.9 [39.0-46.9]","60.1 [55.3-64.7]","90.0 [87.3-92.2]"
"Madagascar"," 2003"," DHS","29.3 [22.4-37.4]","37.5 [30.8-44.7]","45.8 [40.2-51.5]","69.5 [60.6-77.1]","93.0 [89.3-95.5]","29.9 [23.1-37.9]","38.2 [32.6-44.1]","46.9 [41.3-52.5]","70.8 [61.9-78.5]","93.9 [91.3-95.7]"
"Madagascar"," 1997"," DHS","29.6 [23.6-36.3]","37.0 [31.5-42.8]","40.5 [34.8-46.4]","65.0 [60.0-69.7]","88.5 [83.7-91.9]","No data","No data","No data","No data","No data"
"Malawi"," 2015"," DHS","87.6 [85.5-89.5]","89.8 [87.8-91.4]","89.7 [87.9-91.2]","92.9 [90.9-94.5]","95.5 [93.7-96.8]","87.0 [85.2-88.6]","88.9 [87.1-90.4]","88.4 [86.8-89.8]","91.6 [89.8-93.1]","95.2 [93.8-96.3]"
"Malawi"," 2013"," MICS","83.1 [79.4-86.2]","85.6 [83.0-87.8]","87.6 [85.2-89.6]","89.0 [86.6-91.1]","94.7 [92.6-96.2]","No data","No data","No data","No data","No data"
"Malawi"," 2010"," DHS","65.9 [62.8-68.9]","67.9 [65.3-70.3]","69.8 [66.7-72.7]","79.0 [76.5-81.3]","89.6 [87.5-91.5]","63.3 [60.5-66.0]","65.5 [63.1-67.8]","67.6 [64.9-70.2]","76.8 [74.6-78.9]","88.5 [86.5-90.3]"
"Malawi"," 2006"," MICS","42.6 [39.2-46.1]","47.5 [44.0-51.0]","52.2 [49.0-55.5]","53.8 [50.1-57.4]","77.0 [72.3-81.1]","No data","No data","No data","No data","No data"
"Malawi"," 2004"," DHS","45.1 [41.2-49.2]","45.6 [41.8-49.5]","51.3 [47.9-54.7]","62.4 [58.9-65.9]","87.0 [84.2-89.3]","46.6 [43.0-50.1]","46.6 [43.3-50.0]","51.9 [48.8-54.9]","63.2 [59.8-66.4]","84.6 [82.2-86.8]"
"Malawi"," 2000"," DHS","41.4 [37.3-45.6]","48.2 [44.6-51.8]","48.9 [45.4-52.4]","57.3 [53.4-61.0]","83.4 [80.0-86.3]","43.0 [39.3-46.7]","49.4 [46.1-52.7]","51.0 [47.8-54.2]","58.5 [55.1-61.8]","83.0 [79.8-85.8]"
"Maldives"," 2009"," DHS","92.1 [87.7-95.0]","95.3 [93.0-96.9]","97.0 [94.9-98.3]","99.3 [96.9-99.9]","100.0 [100.0-100.0]","88.6 [84.9-91.5]","92.6 [90.3-94.4]","95.4 [93.2-96.9]","98.4 [96.7-99.3]","99.3 [97.2-99.8]"
"Mali"," 2012"," DHS","37.8 [32.4-43.6]","47.3 [42.2-52.5]","52.6 [47.4-57.8]","78.3 [73.6-82.4]","94.7 [92.6-96.3]","34.6 [30.1-39.3]","45.9 [41.0-50.9]","50.4 [45.6-55.1]","75.4 [70.9-79.4]","94.2 [92.3-95.6]"
"Mali"," 2009"," MICS","7.6 [5.8-9.7]","11.7 [9.8-13.9]","17.4 [14.8-20.3]","42.2 [37.7-46.8]","81.1 [77.8-84.1]","No data","No data","No data","No data","No data"
"Mali"," 2006"," DHS","37.0 [32.4-41.9]","38.5 [33.8-43.5]","40.0 [34.6-45.6]","57.4 [52.4-62.3]","88.2 [83.6-91.7]","35.2 [30.6-40.1]","36.6 [32.1-41.4]","38.4 [33.4-43.7]","54.5 [49.8-59.1]","86.3 [80.7-90.5]"
"Mali"," 2001"," DHS","23.4 [18.8-28.6]","27.5 [21.6-34.3]","28.4 [23.7-33.6]","47.5 [41.3-53.9]","90.5 [88.0-92.5]","22.0 [18.0-26.5]","27.0 [22.0-32.7]","29.4 [24.5-34.9]","45.7 [39.8-51.7]","88.7 [86.4-90.7]"
"Mali"," 1995"," DHS","12.1 [9.6-15.1]","23.9 [19.9-28.4]","35.9 [30.3-42.0]","52.7 [47.4-57.9]","82.0 [78.5-85.0]","No data","No data","No data","No data","No data"
"Mauritania"," 2011"," MICS","26.7 [22.2-31.7]","45.9 [41.1-50.8]","71.6 [67.6-75.4]","89.2 [85.7-91.8]","95.9 [94.1-97.3]","No data","No data","No data","No data","No data"
"Mauritania"," 2007"," MICS","20.5 [17.2-24.3]","40.6 [36.0-45.3]","70.6 [66.1-74.8]","90.3 [87.5-92.5]","95.1 [92.8-96.7]","No data","No data","No data","No data","No data"
"Mexico"," 2015"," MICS","91.8 [87.7-94.6]","99.5 [98.6-99.8]","99.7 [99.0-99.9]","99.3 [97.9-99.8]","99.8 [98.7-100.0]","No data","No data","No data","No data","No data"
"Mongolia"," 2013"," MICS","97.2 [95.2-98.4]","99.4 [98.1-99.8]","98.3 [96.7-99.1]","98.5 [96.7-99.4]","98.7 [97.1-99.4]","No data","No data","No data","No data","No data"
"Mongolia"," 2010"," MICS","97.7 [95.8-98.7]","99.0 [96.6-99.7]","98.7 [96.1-99.6]","99.8 [98.3-100.0]","99.3 [95.1-99.9]","No data","No data","No data","No data","No data"
"Mongolia"," 2005"," MICS","98.1 [95.9-99.1]","99.4 [97.6-99.8]","99.6 [97.3-99.9]","99.2 [97.0-99.8]","100.0 [100.0-100.0]","No data","No data","No data","No data","No data"
"Montenegro"," 2013"," MICS","98.8 [92.0-99.8]","100.0 [100.0-100.0]","98.4 [89.3-99.8]","98.1 [87.3-99.7]","100.0 [100.0-100.0]","No data","No data","No data","No data","No data"
"Montenegro"," 2005"," MICS","97.5 [90.3-99.4]","98.5 [89.7-99.8]","100.0 [100.0-100.0]","98.4 [89.4-99.8]","100.0 [100.0-100.0]","No data","No data","No data","No data","No data"
"Morocco"," 2003"," DHS","32.1 [27.5-37.1]","51.9 [47.2-56.6]","73.9 [69.1-78.2]","87.8 [83.7-91.0]","95.9 [93.0-97.6]","29.4 [25.1-34.2]","49.4 [44.8-54.0]","70.3 [65.9-74.4]","86.1 [82.7-88.9]","95.4 [92.9-97.1]"
"Mozambique"," 2011"," DHS","34.2 [29.7-39.1]","39.8 [35.6-44.2]","53.3 [48.4-58.1]","75.5 [72.0-78.7]","90.6 [88.5-92.5]","31.5 [27.3-35.9]","37.7 [33.8-41.7]","52.6 [47.8-57.4]","74.2 [71.0-77.0]","89.5 [87.3-91.3]"
"Mozambique"," 2008"," MICS","36.5 [31.4-41.8]","45.1 [40.2-50.2]","52.6 [47.2-58.0]","66.2 [61.1-70.9]","88.5 [85.6-90.9]","No data","No data","No data","No data","No data"
"Mozambique"," 2003"," DHS","25.9 [22.1-30.1]","34.6 [30.3-39.2]","45.1 [41.0-49.3]","69.9 [65.5-74.0]","89.6 [87.4-91.5]","24.7 [21.5-28.3]","33.4 [29.3-37.8]","42.5 [38.7-46.4]","68.4 [64.6-72.1]","88.7 [86.4-90.6]"
"Mozambique"," 1997"," DHS","18.1 [12.4-25.6]","35.2 [27.1-44.2]","31.4 [21.5-43.3]","64.0 [57.3-70.2]","82.1 [78.1-85.4]","No data","No data","No data","No data","No data"
"Myanmar"," 2015"," DHS","39.6 [33.5-46.1]","55.9 [49.7-62.0]","69.9 [63.2-75.8]","82.3 [77.2-86.6]","98.4 [96.4-99.3]","36.3 [31.4-41.6]","50.7 [45.5-55.9]","64.7 [58.4-70.6]","79.6 [74.9-83.7]","97.0 [94.6-98.3]"
"Namibia"," 2013"," DHS","75.7 [71.5-79.5]","89.3 [86.2-91.8]","89.3 [86.4-91.7]","95.5 [93.3-97.0]","98.4 [96.2-99.3]","72.7 [68.1-76.9]","88.3 [85.4-90.6]","89.7 [87.2-91.7]","95.6 [93.6-97.0]","98.3 [96.4-99.2]"
"Namibia"," 2006"," DHS","61.0 [56.2-65.6]","74.5 [69.7-78.8]","85.4 [82.4-87.9]","94.6 [92.1-96.4]","97.6 [94.6-99.0]","59.8 [55.2-64.3]","73.3 [69.3-76.9]","85.5 [83.2-87.6]","93.7 [91.2-95.5]","97.7 [95.7-98.8]"
"Namibia"," 2000"," DHS","56.0 [48.0-63.7]","63.0 [56.5-69.2]","80.5 [74.7-85.2]","85.9 [82.5-88.6]","96.3 [91.5-98.4]","54.0 [46.0-61.9]","64.0 [57.1-70.3]","79.5 [75.1-83.3]","85.2 [81.8-88.0]","97.0 [94.1-98.5]"
"Nepal"," 2014"," MICS","25.5 [21.2-30.5]","45.0 [38.2-52.0]","55.7 [48.9-62.3]","71.1 [64.0-77.4]","93.3 [88.3-96.3]","No data","No data","No data","No data","No data"
"Nepal"," 2011"," DHS","12.4 [9.6-15.9]","27.7 [23.5-32.5]","42.6 [36.5-48.9]","57.6 [50.8-64.2]","86.6 [82.5-89.8]","10.7 [8.5-13.4]","23.7 [20.5-27.3]","35.9 [31.4-40.7]","53.0 [47.1-58.8]","81.5 [77.6-84.9]"
"Nepal"," 2010"," MICS","7.7 [4.9-12.0]","20.0 [11.9-31.6]","25.8 [18.7-34.4]","42.5 [33.0-52.7]","65.7 [57.2-73.3]","No data","No data","No data","No data","No data"
"Nepal"," 2006"," DHS","5.2 [3.2-8.5]","11.0 [8.7-14.0]","13.4 [10.3-17.3]","25.6 [20.3-31.7]","60.5 [54.4-66.3]","4.8 [3.2-7.2]","10.1 [8.1-12.6]","12.4 [9.3-16.3]","23.0 [18.6-28.0]","57.8 [53.0-62.5]"
"Nepal"," 2001"," DHS","4.2 [3.0-5.8]","5.3 [3.7-7.6]","10.5 [8.0-13.7]","16.2 [13.4-19.4]","48.8 [43.2-54.4]","3.6 [2.8-4.7]","4.9 [3.6-6.7]","9.9 [7.8-12.4]","14.3 [12.0-16.8]","45.1 [40.4-50.0]"
"Nepal"," 1996"," DHS","2.9 [1.9-4.6]","5.2 [3.5-7.6]","6.4 [4.5-8.9]","9.1 [7.0-11.8]","33.7 [28.7-39.2]","No data","No data","No data","No data","No data"
"Nicaragua"," 2006"," RHS","45.8 [40.9-50.8]","78.9 [75.0-82.3]","89.0 [85.4-91.9]","95.3 [92.7-97.1]","99.2 [97.7-99.7]","41.7 [37.3-46.2]","75.5 [71.8-78.9]","88.4 [85.7-90.6]","94.7 [92.4-96.3]","99.0 [97.9-99.5]"
"Nicaragua"," 2001"," DHS","79.0 [76.2-81.5]","89.5 [86.1-92.1]","96.3 [94.5-97.6]","97.4 [95.0-98.7]","99.7 [98.6-99.9]","77.5 [74.7-80.0]","88.5 [85.7-90.8]","95.0 [93.3-96.2]","97.2 [95.6-98.2]","99.3 [97.8-99.8]"
"Nicaragua"," 1997"," DHS","35.9 [32.3-39.6]","62.1 [58.3-65.7]","81.3 [77.9-84.3]","90.4 [87.6-92.7]","94.1 [91.2-96.1]","32.9 [29.7-36.3]","58.8 [55.3-62.2]","79.8 [76.9-82.4]","86.0 [82.7-88.8]","92.3 [89.7-94.2]"
"Nicaragua"," 1992"," RHS","No data","No data","No data","No data","No data","No data","No data","No data","No data","No data"
"Niger"," 2012"," DHS","14.0 [11.4-17.0]","22.1 [18.6-26.1]","24.2 [20.3-28.6]","31.9 [27.5-36.6]","73.3 [68.9-77.4]","11.8 [9.8-14.2]","18.3 [15.4-21.5]","21.2 [18.1-24.7]","29.3 [25.5-33.4]","71.0 [66.8-74.9]"
"Niger"," 2006"," DHS","5.3 [3.9-7.2]","8.3 [5.4-12.5]","9.5 [7.2-12.5]","14.9 [11.8-18.7]","59.8 [54.3-65.1]","5.0 [3.8-6.6]","7.9 [5.3-11.5]","8.2 [6.5-10.3]","12.8 [10.1-16.0]","58.8 [53.1-64.4]"
"Niger"," 1998"," DHS","34.6 [29.7-39.9]","34.4 [30.1-39.1]","36.3 [30.9-42.1]","46.3 [41.7-51.0]","76.1 [72.6-79.3]","No data","No data","No data","No data","No data"
"Nigeria"," 2013"," DHS","6.1 [5.0-7.3]","18.9 [16.6-21.4]","40.4 [37.0-43.9]","63.7 [60.4-66.8]","86.2 [83.8-88.3]","5.7 [4.7-6.8]","17.3 [15.2-19.5]","39.9 [36.7-43.2]","62.1 [58.9-65.2]","85.3 [83.0-87.4]"
"Nigeria"," 2011"," MICS","11.0 [9.0-13.4]","25.8 [23.2-28.6]","49.8 [45.9-53.7]","72.7 [68.5-76.5]","89.7 [86.8-92.1]","No data","No data","No data","No data","No data"
"Nigeria"," 2008"," DHS","8.8 [7.3-10.5]","18.0 [16.0-20.3]","37.9 [34.8-41.1]","63.7 [60.5-66.8]","85.9 [83.6-87.9]","8.3 [6.9-10.0]","17.6 [15.5-19.8]","37.5 [34.6-40.6]","63.3 [60.2-66.2]","85.7 [83.5-87.6]"
"Nigeria"," 2007"," MICS","11.7 [9.1-15.0]","21.2 [18.1-24.6]","33.5 [29.3-38.0]","61.2 [56.3-65.9]","84.8 [81.3-87.8]","No data","No data","No data","No data","No data"
"Nigeria"," 2003"," DHS","12.2 [9.0-16.4]","19.4 [16.0-23.4]","28.8 [22.2-36.5]","50.0 [42.7-57.3]","85.6 [79.4-90.2]","11.6 [8.9-14.9]","17.7 [14.4-21.5]","26.3 [20.5-33.0]","50.1 [43.9-56.3]","84.3 [78.6-88.7]"
"Nigeria"," 1999"," DHS","No data","No data","No data","No data","No data","No data","No data","No data","No data","No data"
"Pakistan"," 2012"," DHS","34.0 [28.7-39.9]","43.4 [38.7-48.3]","55.5 [50.7-60.2]","73.0 [69.3-76.4]","85.8 [80.1-90.0]","29.8 [25.1-35.0]","38.1 [33.9-42.5]","51.2 [46.9-55.5]","68.9 [65.4-72.3]","85.2 [80.5-88.9]"
"Pakistan"," 2006"," DHS","17.8 [15.0-21.0]","27.7 [24.3-31.5]","39.7 [35.7-43.9]","55.9 [51.6-60.0]","79.3 [75.4-82.8]","16.1 [13.6-18.8]","24.7 [21.9-27.7]","35.5 [32.1-39.0]","52.1 [48.5-55.6]","77.3 [73.5-80.7]"
"Panama"," 2013"," MICS","72.1 [65.8-77.6]","99.0 [97.9-99.5]","99.8 [99.4-100.0]","99.7 [98.0-100.0]","100.0 [100.0-100.0]","No data","No data","No data","No data","No data"
"Paraguay"," 2008"," RHS","70.1 [63.8-75.7]","87.2 [81.1-91.6]","89.0 [83.5-92.9]","91.7 [85.6-95.4]","94.2 [88.3-97.2]","67.3 [61.3-72.7]","84.2 [78.2-88.7]","87.5 [83.1-90.9]","92.2 [88.4-94.9]","95.0 [91.2-97.2]"
"Paraguay"," 2004"," RHS","53.4 [48.6-58.1]","73.4 [67.2-78.7]","84.4 [79.5-88.3]","90.6 [86.2-93.8]","91.4 [86.3-94.7]","52.9 [48.5-57.3]","72.8 [68.0-77.1]","82.5 [77.8-86.3]","89.4 [85.8-92.2]","90.2 [86.1-93.3]"
"Paraguay"," 1998"," RHS","35.1 [27.2-44.0]","48.2 [36.6-59.9]","66.9 [57.4-75.2]","85.9 [79.3-90.6]","94.2 [88.6-97.2]","33.1 [25.6-41.5]","47.2 [37.6-57.1]","66.9 [58.6-74.2]","86.5 [80.9-90.7]","96.0 [92.6-97.9]"
"Paraguay"," 1995"," RHS","37.9 [32.6-43.4]","56.6 [51.7-61.3]","79.5 [75.6-82.9]","90.1 [87.0-92.5]","97.2 [89.6-99.3]","35.4 [30.4-40.9]","55.4 [51.7-59.0]","77.3 [74.2-80.2]","89.6 [86.4-92.1]","94.0 [87.9-97.1]"
"Peru"," 2012"," DHS","64.4 [60.2-68.3]","88.7 [86.4-90.7]","97.5 [96.3-98.3]","99.3 [98.4-99.7]","99.5 [96.8-99.9]","60.5 [57.0-64.0]","87.3 [85.3-89.1]","97.0 [95.9-97.8]","99.2 [98.4-99.6]","99.3 [97.4-99.8]"
"Peru"," 2011"," DHS","58.7 [54.4-63.0]","87.8 [85.1-90.1]","97.7 [96.2-98.6]","99.5 [98.6-99.8]","100.0 [99.8-100.0]","55.7 [51.7-59.7]","86.4 [83.9-88.6]","96.7 [95.5-97.6]","98.7 [97.9-99.2]","99.6 [98.1-99.9]"
"Peru"," 2010"," DHS","57.7 [53.1-62.1]","85.7 [82.8-88.2]","96.9 [95.5-97.8]","99.0 [97.4-99.6]","99.7 [98.6-99.9]","55.7 [51.7-59.6]","83.4 [80.9-85.6]","95.6 [94.2-96.6]","98.9 [98.0-99.4]","99.6 [98.5-99.9]"
"Peru"," 2009"," DHS","56.3 [52.2-60.4]","82.7 [79.9-85.2]","96.3 [94.7-97.4]","98.8 [97.5-99.4]","99.2 [97.0-99.8]","53.5 [49.6-57.3]","80.2 [77.7-82.5]","94.9 [93.2-96.1]","98.3 [97.2-99.0]","99.5 [98.3-99.8]"
"Peru"," 2008"," DHS","43.7 [36.5-51.1]","68.8 [64.0-73.2]","89.8 [86.0-92.6]","98.3 [96.9-99.1]","99.3 [98.3-99.7]","42.4 [35.8-49.4]","66.4 [62.1-70.5]","87.1 [83.8-89.9]","97.1 [95.4-98.2]","98.9 [97.5-99.5]"
"Peru"," 2007"," DHS","38.4 [29.9-47.8]","58.5 [51.1-65.6]","89.5 [83.8-93.3]","97.0 [91.7-98.9]","99.9 [99.2-100.0]","35.9 [28.9-43.6]","55.3 [47.9-62.4]","89.2 [84.4-92.7]","96.4 [92.3-98.4]","99.2 [97.0-99.8]"
"Peru"," 2006"," DHS","40.1 [32.2-48.4]","64.0 [57.1-70.3]","94.0 [89.9-96.5]","98.2 [95.9-99.2]","98.0 [88.5-99.7]","35.5 [29.0-42.5]","59.6 [53.7-65.3]","90.4 [86.9-93.0]","97.9 [95.6-99.0]","98.2 [94.3-99.5]"
"Peru"," 2005"," DHS","35.7 [27.9-44.3]","59.0 [51.2-66.3]","94.4 [90.2-96.9]","96.2 [93.4-97.9]","99.2 [96.5-99.8]","30.9 [24.0-38.6]","51.5 [43.4-59.4]","91.2 [87.0-94.1]","95.9 [92.9-97.6]","99.3 [97.6-99.8]"
"Peru"," 2004"," DHS","27.7 [21.3-35.1]","71.8 [63.9-78.6]","88.0 [81.2-92.5]","98.3 [95.4-99.4]","100.0 [100.0-100.0]","25.4 [19.8-32.0]","65.1 [58.0-71.6]","87.0 [80.8-91.4]","96.6 [93.6-98.2]","100.0 [100.0-100.0]"
"Peru"," 2000"," DHS","23.1 [20.7-25.7]","49.3 [46.1-52.6]","82.0 [78.8-84.9]","93.3 [91.3-94.9]","98.3 [96.7-99.1]","20.1 [18.2-22.2]","46.4 [43.5-49.4]","79.1 [76.2-81.8]","93.0 [91.2-94.4]","98.4 [97.0-99.1]"
"Peru"," 1996"," DHS","14.7 [12.7-17.0]","50.5 [47.0-54.0]","77.6 [74.2-80.7]","91.2 [89.2-92.9]","97.8 [96.4-98.6]","13.7 [12.0-15.5]","48.0 [45.0-51.0]","75.1 [72.3-77.8]","90.3 [88.3-92.0]","96.6 [95.2-97.6]"
"Philippines"," 2013"," DHS","46.4 [42.4-50.5]","74.2 [70.7-77.4]","85.7 [82.6-88.2]","94.5 [92.3-96.2]","97.0 [94.9-98.2]","42.2 [38.6-45.8]","71.0 [67.9-74.0]","83.8 [81.1-86.2]","92.4 [90.4-94.0]","96.2 [94.5-97.4]"
"Philippines"," 2008"," DHS","27.3 [24.2-30.6]","55.9 [52.0-59.7]","78.9 [75.1-82.3]","87.7 [84.0-90.6]","95.3 [92.8-97.0]","25.7 [23.1-28.5]","55.6 [52.0-59.1]","75.8 [72.3-79.0]","86.0 [82.5-88.8]","94.4 [92.1-96.1]"
"Philippines"," 2003"," DHS","26.0 [22.7-29.6]","52.1 [48.1-56.0]","75.1 [71.4-78.4]","85.8 [82.1-88.9]","91.6 [88.4-93.9]","25.1 [22.1-28.3]","51.4 [47.9-54.8]","72.4 [69.0-75.5]","84.4 [81.0-87.3]","92.3 [89.8-94.3]"
"Philippines"," 1998"," DHS","22.3 [19.7-25.1]","47.0 [43.2-50.9]","73.3 [69.7-76.7]","84.8 [81.2-87.8]","92.5 [89.4-94.8]","21.2 [18.8-23.8]","45.9 [42.4-49.4]","72.8 [69.4-76.0]","83.9 [81.0-86.5]","91.9 [89.0-94.1]"
"Philippines"," 1993"," DHS","23.0 [20.3-25.9]","40.4 [37.0-43.9]","64.3 [60.4-68.0]","80.6 [76.9-83.8]","92.8 [90.1-94.8]","21.9 [19.5-24.5]","39.4 [36.2-42.6]","62.8 [59.3-66.2]","79.4 [76.0-82.4]","91.8 [89.4-93.7]"
"Republic of Moldova"," 2012"," MICS","97.7 [90.9-99.4]","100.0 [100.0-100.0]","100.0 [100.0-100.0]","99.5 [96.5-99.9]","98.6 [93.6-99.7]","No data","No data","No data","No data","No data"
"Republic of Moldova"," 2005"," DHS","98.6 [95.5-99.6]","99.4 [95.6-99.9]","100.0 [100.0-100.0]","99.6 [97.4-100.0]","100.0 [100.0-100.0]","99.1 [97.1-99.7]","99.0 [96.8-99.7]","100.0 [100.0-100.0]","99.8 [98.4-100.0]","99.7 [98.1-100.0]"
"Republic of Moldova"," 1997"," RHS","No data","No data","No data","No data","No data","No data","No data","No data","No data","No data"
"Rwanda"," 2014"," DHS","86.1 [83.3-88.5]","91.1 [88.8-92.9]","92.0 [89.1-94.2]","93.8 [91.8-95.3]","97.6 [96.3-98.4]","84.2 [81.6-86.4]","90.8 [89.0-92.4]","91.0 [88.8-92.8]","92.8 [90.9-94.4]","97.2 [96.1-98.0]"
"Rwanda"," 2010"," DHS","70.0 [67.1-72.7]","72.1 [69.0-75.1]","76.0 [72.3-79.3]","81.7 [78.4-84.5]","90.9 [88.7-92.7]","61.2 [58.7-63.7]","63.5 [60.7-66.3]","66.7 [63.3-69.9]","72.6 [70.0-75.0]","85.9 [83.6-87.9]"
"Rwanda"," 2005"," DHS","29.1 [25.8-32.6]","32.5 [29.2-35.9]","35.3 [31.8-39.1]","41.4 [38.1-44.7]","68.3 [64.5-71.9]","27.2 [24.2-30.3]","30.2 [27.5-33.1]","33.9 [30.5-37.5]","39.7 [36.8-42.6]","66.4 [62.9-69.7]"
"Rwanda"," 2000"," DHS","19.5 [17.0-22.2]","19.6 [16.0-23.7]","26.3 [22.5-30.5]","28.6 [24.8-32.8]","61.5 [56.3-66.4]","20.6 [18.5-22.8]","21.1 [17.5-25.3]","26.1 [23.0-29.5]","29.3 [26.1-32.8]","63.4 [59.3-67.3]"
"Saint Lucia"," 2012"," MICS","No data","100.0 [100.0-100.0]","No data","No data","No data","No data","No data","No data","No data","No data"
"Sao Tome and Principe"," 2014"," MICS","85.0 [79.0-89.5]","92.5 [87.0-95.8]","92.2 [85.8-95.9]","96.2 [90.5-98.5]","97.5 [91.7-99.3]","No data","No data","No data","No data","No data"
"Sao Tome and Principe"," 2008"," DHS","75.8 [68.5-81.9]","75.1 [66.1-82.4]","85.4 [79.2-90.0]","88.5 [80.4-93.6]","91.9 [83.4-96.2]","73.6 [68.3-78.3]","73.2 [67.0-78.6]","84.8 [79.3-89.0]","87.3 [82.4-90.9]","92.9 [87.4-96.1]"
"Senegal"," 2015"," DHS","30.8 [26.4-35.6]","46.4 [41.3-51.6]","58.8 [53.7-63.7]","66.1 [58.1-73.3]","79.2 [73.0-84.3]","28.6 [24.4-33.2]","44.7 [39.6-49.9]","59.2 [54.0-64.1]","66.4 [59.5-72.6]","80.9 [75.7-85.2]"
"Senegal"," 2014"," DHS","31.8 [27.7-36.2]","45.6 [40.3-51.1]","66.2 [60.0-71.9]","83.0 [78.1-87.0]","83.8 [72.5-91.1]","30.4 [26.9-34.0]","45.9 [41.3-50.6]","67.1 [61.4-72.5]","81.0 [76.0-85.1]","85.5 [76.9-91.2]"
"Senegal"," 2012"," DHS","19.1 [15.9-22.7]","39.0 [34.1-44.2]","54.9 [49.2-60.5]","68.1 [61.9-73.7]","87.1 [80.8-91.6]","19.9 [16.7-23.6]","38.7 [33.3-44.3]","54.7 [49.6-59.6]","68.6 [64.2-72.8]","85.5 [78.6-90.4]"
"Senegal"," 2010"," DHS","30.1 [27.0-33.4]","51.9 [47.8-56.0]","74.4 [70.2-78.1]","86.5 [82.8-89.4]","94.9 [92.6-96.5]","29.7 [26.9-32.7]","51.1 [47.1-55.0]","74.7 [70.9-78.1]","88.2 [85.2-90.6]","95.5 [93.9-96.7]"
"Senegal"," 2005"," DHS","21.0 [17.7-24.7]","31.5 [27.8-35.5]","55.8 [51.2-60.4]","83.7 [79.7-87.1]","90.9 [86.9-93.7]","20.2 [17.0-23.7]","30.7 [27.1-34.4]","54.9 [50.5-59.3]","83.5 [80.0-86.4]","88.7 [84.6-91.8]"
"Senegal"," 1997"," DHS","20.7 [17.6-24.3]","26.8 [23.2-30.7]","46.4 [41.2-51.8]","70.1 [65.0-74.8]","86.7 [81.7-90.6]","20.3 [17.4-23.6]","25.4 [21.9-29.3]","45.3 [40.4-50.4]","69.3 [65.0-73.2]","86.2 [82.4-89.3]"
"Serbia"," 2014"," MICS","97.5 [93.3-99.1]","100.0 [100.0-100.0]","100.0 [100.0-100.0]","99.8 [98.8-100.0]","95.4 [77.9-99.2]","No data","No data","No data","No data","No data"
"Serbia"," 2010"," MICS","99.3 [97.3-99.8]","100.0 [100.0-100.0]","99.8 [98.8-100.0]","100.0 [100.0-100.0]","99.6 [98.3-99.9]","No data","No data","No data","No data","No data"
"Serbia"," 2005"," MICS","97.8 [95.3-99.0]","99.5 [97.2-99.9]","99.5 [97.0-99.9]","98.2 [92.0-99.6]","100.0 [100.0-100.0]","No data","No data","No data","No data","No data"
"Sierra Leone"," 2013"," DHS","53.3 [48.2-58.2]","55.0 [49.8-60.2]","57.3 [52.1-62.3]","70.6 [66.4-74.5]","85.0 [80.6-88.6]","50.9 [46.1-55.6]","52.0 [47.5-56.5]","53.2 [48.5-58.0]","67.4 [63.4-71.1]","83.7 [79.7-87.1]"
"Sierra Leone"," 2010"," MICS","44.0 [37.6-50.6]","55.5 [50.2-60.8]","64.1 [58.8-69.0]","71.8 [67.5-75.7]","85.0 [81.4-88.0]","No data","No data","No data","No data","No data"
"Sierra Leone"," 2008"," DHS","27.9 [23.1-33.3]","35.5 [30.3-41.0]","37.4 [32.1-43.0]","47.9 [42.3-53.6]","72.4 [67.4-76.9]","28.1 [23.6-33.0]","35.4 [30.4-40.8]","38.6 [33.7-43.7]","49.0 [43.3-54.8]","71.4 [67.2-75.2]"
"Sierra Leone"," 2005"," MICS","27.3 [20.9-34.9]","34.2 [28.4-40.4]","37.6 [32.3-43.4]","50.0 [44.5-55.4]","82.6 [77.5-86.7]","No data","No data","No data","No data","No data"
"Somalia"," 2006"," MICS","10.6 [7.8-14.3]","14.3 [11.1-18.4]","19.6 [15.0-25.2]","45.1 [38.5-51.9]","76.8 [70.6-82.1]","No data","No data","No data","No data","No data"
"South Africa"," 1998"," DHS","69.9 [65.6-73.9]","82.3 [77.7-86.1]","91.2 [88.5-93.4]","96.0 [93.4-97.6]","97.9 [95.1-99.1]","67.8 [64.0-71.3]","81.2 [77.1-84.7]","88.5 [85.8-90.7]","94.9 [92.6-96.6]","98.1 [96.3-99.1]"
"South Sudan"," 2010"," MICS","8.3 [6.2-11.0]","9.3 [6.9-12.5]","13.6 [10.9-16.7]","23.1 [20.1-26.4]","41.1 [36.5-45.9]","No data","No data","No data","No data","No data"
"Sudan"," 2014"," MICS","47.7 [41.8-53.7]","69.9 [65.6-73.9]","83.7 [79.2-87.5]","94.6 [91.9-96.4]","96.2 [94.2-97.6]","No data","No data","No data","No data","No data"
"Sudan"," 2010"," MICS","48.2 [41.6-54.8]","59.9 [55.0-64.6]","78.1 [73.9-81.8]","93.6 [91.0-95.5]","94.7 [92.5-96.3]","No data","No data","No data","No data","No data"
"Suriname"," 2010"," MICS","84.3 [80.0-87.7]","93.8 [88.8-96.6]","98.1 [93.6-99.4]","98.7 [94.1-99.7]","96.5 [89.6-98.9]","No data","No data","No data","No data","No data"
"Suriname"," 2006"," MICS","81.0 [75.7-85.4]","91.1 [84.8-94.9]","97.6 [92.8-99.2]","92.5 [86.4-96.0]","95.7 [90.2-98.2]","No data","No data","No data","No data","No data"
"Syrian Arab Republic"," 2006"," MICS","77.6 [73.4-81.3]","95.1 [93.4-96.3]","98.1 [96.7-98.9]","96.7 [95.0-97.8]","98.9 [97.7-99.5]","No data","No data","No data","No data","No data"
"Tajikistan"," 2012"," DHS","73.9 [66.8-79.9]","86.9 [81.6-90.9]","91.6 [88.3-94.0]","94.6 [91.9-96.4]","96.8 [94.5-98.1]","73.9 [67.1-79.8]","84.9 [79.6-89.1]","89.7 [86.5-92.3]","93.6 [91.1-95.5]","96.1 [93.7-97.6]"
"Tajikistan"," 2005"," MICS","70.0 [60.9-77.7]","81.1 [74.2-86.5]","86.5 [81.7-90.2]","89.9 [85.1-93.3]","91.4 [85.1-95.2]","No data","No data","No data","No data","No data"
"Thailand"," 2012"," MICS","98.4 [96.3-99.3]","99.6 [98.3-99.9]","100.0 [100.0-100.0]","99.7 [99.1-99.9]","99.9 [99.5-100.0]","No data","No data","No data","No data","No data"
"Thailand"," 2005"," MICS","92.7 [87.4-95.9]","97.8 [94.9-99.0]","97.5 [95.0-98.7]","99.0 [97.8-99.6]","99.8 [98.7-100.0]","No data","No data","No data","No data","No data"
"The former Yugoslav republic of Macedonia"," 2011"," MICS","97.5 [90.4-99.4]","96.0 [85.9-99.0]","100.0 [100.0-100.0]","100.0 [100.0-100.0]","98.0 [91.9-99.5]","No data","No data","No data","No data","No data"
"The former Yugoslav republic of Macedonia"," 2005"," MICS","95.3 [88.6-98.2]","98.5 [95.2-99.6]","98.2 [94.8-99.4]","100.0 [100.0-100.0]","100.0 [100.0-100.0]","No data","No data","No data","No data","No data"
"Timor-Leste"," 2009"," DHS","12.3 [10.1-15.0]","16.3 [13.6-19.4]","24.4 [21.6-27.6]","40.9 [36.4-45.5]","71.0 [66.8-74.9]","10.6 [8.7-12.9]","14.2 [12.0-16.7]","21.5 [19.0-24.3]","37.5 [33.6-41.5]","69.0 [65.1-72.6]"
"Togo"," 2013"," DHS","27.8 [23.3-32.8]","38.9 [33.2-44.9]","58.6 [53.3-63.6]","89.7 [85.6-92.7]","96.2 [94.2-97.5]","26.8 [22.4-31.7]","36.4 [31.1-42.1]","55.2 [50.1-60.2]","88.8 [85.3-91.5]","95.3 [93.3-96.7]"
"Togo"," 2010"," MICS","27.7 [23.0-32.9]","40.3 [34.2-46.7]","61.1 [53.9-67.8]","83.9 [76.9-89.0]","94.1 [89.5-96.8]","No data","No data","No data","No data","No data"
"Togo"," 2006"," MICS","36.8 [30.5-43.6]","39.9 [33.7-46.4]","58.2 [51.3-64.8]","84.7 [79.0-89.1]","90.0 [84.4-93.7]","No data","No data","No data","No data","No data"
"Togo"," 1998"," DHS","25.1 [20.6-30.2]","34.7 [30.2-39.5]","52.5 [46.9-58.0]","71.7 [65.1-77.5]","91.2 [87.7-93.7]","No data","No data","No data","No data","No data"
"Trinidad and Tobago"," 2006"," MICS","97.7 [91.2-99.4]","98.9 [92.7-99.9]","94.3 [87.0-97.6]","98.9 [92.5-99.8]","100.0 [100.0-100.0]","No data","No data","No data","No data","No data"
"Tunisia"," 2011"," MICS","93.8 [89.7-96.4]","99.8 [98.5-100.0]","100.0 [100.0-100.0]","99.8 [98.6-100.0]","99.7 [97.6-100.0]","No data","No data","No data","No data","No data"
"Turkey"," 2003"," DHS","60.4 [54.5-66.0]","79.8 [75.1-83.8]","92.4 [88.5-95.0]","97.1 [95.0-98.3]","99.5 [98.6-99.9]","58.4 [52.7-63.9]","80.6 [76.7-84.1]","91.8 [88.2-94.4]","96.0 [93.8-97.5]","99.2 [97.9-99.7]"
"Turkey"," 1998"," DHS","57.9 [50.9-64.6]","79.2 [74.0-83.6]","90.0 [86.8-92.5]","97.1 [94.1-98.6]","98.5 [94.9-99.6]","53.4 [47.0-59.6]","77.7 [73.4-81.5]","88.9 [85.6-91.6]","95.2 [92.5-97.0]","98.2 [95.8-99.3]"
"Turkey"," 1993"," DHS","45.5 [38.4-52.8]","73.5 [68.4-78.1]","86.7 [82.4-90.1]","96.3 [93.3-97.9]","99.0 [96.9-99.7]","43.4 [37.3-49.8]","71.0 [66.5-75.2]","84.3 [80.5-87.5]","95.5 [92.9-97.1]","98.9 [97.6-99.5]"
"Turkmenistan"," 2015"," MICS","100.0 [100.0-100.0]","100.0 [100.0-100.0]","100.0 [100.0-100.0]","100.0 [100.0-100.0]","100.0 [100.0-100.0]","No data","No data","No data","No data","No data"
"Turkmenistan"," 2006"," MICS","99.0 [93.4-99.9]","98.6 [94.5-99.6]","100.0 [100.0-100.0]","100.0 [100.0-100.0]","100.0 [100.0-100.0]","No data","No data","No data","No data","No data"
"Uganda"," 2011"," DHS","44.5 [39.5-49.5]","51.3 [46.1-56.5]","56.4 [51.8-60.8]","61.3 [56.3-66.1]","89.2 [86.0-91.8]","43.5 [39.0-48.1]","48.9 [44.3-53.5]","54.4 [50.3-58.5]","59.6 [55.1-63.9]","88.4 [85.5-90.8]"
"Uganda"," 2006"," DHS","30.9 [27.4-34.6]","32.5 [28.7-36.5]","36.6 [32.6-40.8]","50.7 [46.1-55.3]","78.3 [73.9-82.2]","28.7 [25.6-32.1]","31.9 [28.6-35.5]","35.3 [31.6-39.1]","50.0 [46.1-53.9]","77.1 [73.3-80.5]"
"Uganda"," 2000"," DHS","19.6 [16.1-23.6]","27.8 [23.3-32.9]","34.0 [29.5-38.9]","47.1 [41.6-52.6]","79.1 [75.2-82.6]","19.7 [16.6-23.2]","27.6 [23.4-32.1]","31.9 [27.7-36.4]","46.4 [40.6-52.2]","77.3 [73.5-80.8]"
"Uganda"," 1995"," DHS","20.8 [16.7-25.6]","29.0 [24.5-33.9]","31.9 [27.7-36.3]","38.7 [33.9-43.7]","69.2 [64.6-73.4]","22.6 [18.3-27.6]","28.3 [24.1-32.8]","32.6 [28.7-36.8]","39.3 [34.7-44.1]","70.4 [66.1-74.4]"
"Ukraine"," 2012"," MICS","99.4 [97.2-99.9]","97.3 [93.8-98.9]","99.4 [97.0-99.9]","100.0 [100.0-100.0]","99.5 [97.9-99.9]","No data","No data","No data","No data","No data"
"Ukraine"," 2007"," DHS","99.0 [93.1-99.9]","98.2 [92.2-99.6]","99.5 [96.5-99.9]","99.3 [95.4-99.9]","100.0 [100.0-100.0]","96.9 [92.7-98.7]","97.7 [94.6-99.1]","99.7 [97.8-100.0]","99.6 [97.3-99.9]","99.3 [95.4-99.9]"
"Ukraine"," 2005"," MICS","99.5 [96.6-99.9]","99.5 [96.4-99.9]","100.0 [100.0-100.0]","100.0 [100.0-100.0]","100.0 [100.0-100.0]","No data","No data","No data","No data","No data"
"Ukraine"," 1999"," RHS","No data","No data","No data","No data","No data","No data","No data","No data","No data","No data"
"United Republic of Tanzania"," 2015"," DHS","43.9 [39.4-48.4]","52.9 [48.7-57.1]","62.0 [57.4-66.4]","80.4 [75.8-84.3]","96.2 [94.8-97.2]","42.4 [38.1-46.9]","51.8 [47.8-55.8]","62.5 [58.3-66.5]","78.9 [74.7-82.5]","95.2 [93.9-96.2]"
"United Republic of Tanzania"," 2010"," DHS","32.5 [28.4-36.9]","36.7 [31.7-41.9]","46.7 [41.8-51.7]","62.7 [57.2-67.9]","88.8 [84.4-92.0]","33.0 [29.1-37.1]","35.8 [31.4-40.5]","47.0 [42.5-51.5]","63.3 [58.4-67.9]","90.4 [87.1-92.9]"
"United Republic of Tanzania"," 2004"," DHS","29.4 [25.5-33.7]","34.3 [30.4-38.5]","36.2 [31.9-40.7]","52.2 [47.5-56.8]","87.7 [84.4-90.4]","29.7 [25.7-34.1]","34.8 [31.1-38.7]","35.7 [31.6-40.1]","51.7 [47.3-56.1]","86.3 [83.6-88.6]"
"United Republic of Tanzania"," 1999"," DHS","27.4 [21.1-34.8]","32.3 [23.6-42.4]","33.7 [25.7-42.8]","45.7 [36.4-55.4]","84.6 [79.5-88.6]","28.9 [23.0-35.7]","35.0 [28.2-42.6]","33.3 [26.1-41.4]","48.4 [39.5-57.5]","82.8 [77.3-87.2]"
"United Republic of Tanzania"," 1996"," DHS","25.7 [22.2-29.5]","40.8 [36.2-45.6]","38.4 [34.2-42.9]","51.3 [47.4-55.2]","80.5 [76.3-84.1]","26.7 [23.7-30.0]","40.4 [35.7-45.2]","41.2 [37.2-45.3]","51.8 [48.3-55.3]","80.9 [77.3-84.0]"
"Uruguay"," 2012"," MICS","99.2 [97.6-99.8]","95.7 [73.9-99.4]","99.5 [96.3-99.9]","99.4 [95.1-99.9]","98.1 [87.0-99.8]","No data","No data","No data","No data","No data"
"Uzbekistan"," 2006"," MICS","100.0 [100.0-100.0]","99.9 [98.9-100.0]","99.7 [98.0-100.0]","100.0 [100.0-100.0]","100.0 [100.0-100.0]","No data","No data","No data","No data","No data"
"Uzbekistan"," 1996"," DHS","91.7 [76.1-97.4]","100.0 [100.0-100.0]","99.0 [96.4-99.7]","99.3 [96.7-99.8]","100.0 [100.0-100.0]","No data","No data","No data","No data","No data"
"Vanuatu"," 2007"," MICS","55.0 [42.7-66.8]","78.0 [68.8-85.0]","72.7 [62.9-80.7]","86.9 [77.7-92.7]","89.9 [83.1-94.1]","No data","No data","No data","No data","No data"
"Viet Nam"," 2013"," MICS","73.4 [64.0-81.0]","96.8 [93.4-98.5]","99.7 [97.9-100.0]","99.0 [96.1-99.8]","100.0 [100.0-100.0]","No data","No data","No data","No data","No data"
"Viet Nam"," 2010"," MICS","71.9 [63.3-79.2]","96.3 [90.9-98.5]","99.6 [97.9-99.9]","99.6 [98.1-99.9]","99.2 [94.9-99.9]","No data","No data","No data","No data","No data"
"Viet Nam"," 2006"," MICS","52.8 [40.9-64.5]","86.9 [78.7-92.2]","94.9 [84.7-98.4]","100.0 [100.0-100.0]","99.4 [95.5-99.9]","No data","No data","No data","No data","No data"
"Viet Nam"," 2002"," DHS","58.1 [48.2-67.3]","86.0 [76.7-92.0]","95.1 [88.9-97.9]","97.4 [94.3-98.9]","99.7 [98.2-100.0]","No data","No data","No data","No data","No data"
"Viet Nam"," 1997"," DHS","49.0 [38.8-59.3]","78.4 [67.7-86.3]","84.2 [77.1-89.3]","93.6 [87.6-96.8]","99.2 [96.8-99.8]","No data","No data","No data","No data","No data"
"Yemen"," 2013"," DHS","20.5 [17.9-23.2]","32.4 [28.7-36.3]","45.5 [40.6-50.5]","64.3 [60.4-68.1]","82.7 [78.9-85.9]","19.1 [16.8-21.7]","30.2 [27.1-33.6]","42.4 [37.9-46.9]","61.7 [58.4-64.9]","80.8 [77.7-83.6]"
"Yemen"," 2006"," MICS","17.1 [12.4-23.1]","19.8 [15.3-25.1]","32.0 [25.8-38.9]","50.1 [43.2-57.0]","73.6 [66.4-79.7]","No data","No data","No data","No data","No data"
"Zambia"," 2013"," DHS","48.8 [45.4-52.2]","55.6 [52.1-59.0]","65.0 [61.6-68.3]","87.0 [84.4-89.3]","94.7 [92.6-96.3]","45.2 [42.0-48.4]","52.2 [49.1-55.4]","62.3 [59.3-65.2]","83.0 [80.6-85.1]","94.3 [92.7-95.6]"
"Zambia"," 2007"," DHS","26.3 [22.4-30.7]","27.4 [23.4-31.7]","35.9 [31.5-40.5]","71.6 [67.5-75.4]","91.6 [87.7-94.4]","26.9 [23.3-30.8]","27.7 [23.9-31.9]","36.5 [32.5-40.6]","71.4 [67.2-75.3]","91.3 [88.2-93.6]"
"Zambia"," 2001"," DHS","20.0 [16.5-24.0]","21.1 [18.0-24.5]","34.2 [30.3-38.3]","67.8 [63.3-71.9]","91.4 [88.2-93.7]","19.7 [16.8-23.1]","22.6 [19.6-25.9]","34.2 [30.5-38.0]","68.7 [64.9-72.3]","91.1 [88.4-93.2]"
"Zambia"," 1996"," DHS","18.5 [15.6-21.7]","23.7 [19.8-27.9]","35.4 [30.5-40.5]","65.9 [61.8-69.8]","91.0 [87.8-93.4]","19.3 [16.4-22.6]","24.6 [21.1-28.5]","36.7 [32.4-41.3]","67.7 [63.8-71.4]","90.5 [88.2-92.5]"
"Zimbabwe"," 2015"," DHS","65.9 [60.3-71.0]","73.9 [69.5-77.9]","80.0 [74.6-84.5]","89.5 [85.9-92.3]","96.4 [94.2-97.8]","61.7 [56.7-66.5]","70.1 [66.1-73.9]","77.6 [72.6-81.9]","88.6 [85.5-91.1]","95.8 [93.8-97.1]"
"Zimbabwe"," 2014"," MICS","69.7 [65.3-73.7]","71.1 [67.2-74.8]","78.2 [74.4-81.6]","85.5 [82.9-87.8]","96.2 [94.5-97.4]","No data","No data","No data","No data","No data"
"Zimbabwe"," 2010"," DHS","45.9 [40.5-51.3]","54.5 [49.5-59.3]","61.9 [56.5-67.0]","79.1 [74.8-82.9]","90.2 [87.2-92.5]","47.5 [42.7-52.4]","55.9 [51.3-60.4]","63.6 [58.8-68.2]","80.9 [77.2-84.1]","90.6 [88.1-92.7]"
"Zimbabwe"," 2009"," MICS","38.6 [32.7-44.9]","45.4 [40.3-50.6]","55.9 [50.9-60.9]","81.3 [76.9-85.0]","92.1 [86.6-95.5]","No data","No data","No data","No data","No data"
"Zimbabwe"," 2005"," DHS","43.5 [39.4-47.6]","54.1 [48.9-59.3]","70.0 [64.6-74.9]","84.4 [80.3-87.8]","97.3 [94.6-98.6]","46.1 [41.9-50.4]","56.0 [51.9-60.0]","70.5 [66.3-74.4]","85.4 [81.8-88.4]","95.1 [92.2-97.0]"
"Zimbabwe"," 1999"," DHS","57.8 [51.1-64.2]","65.6 [59.7-71.0]","65.6 [57.9-72.7]","81.8 [76.9-85.9]","92.1 [87.9-95.0]","56.7 [50.7-62.5]","67.3 [62.2-72.1]","64.8 [57.5-71.4]","79.7 [75.3-83.5]","93.5 [90.7-95.5]"
"Zimbabwe"," 1994"," DHS","55.1 [49.5-60.5]","59.5 [53.3-65.3]","65.3 [58.8-71.2]","77.9 [72.6-82.4]","92.8 [88.5-95.6]","No data","No data","No data","No data","No data"
