"","","","Children aged &lt; 5 years with diarrhoea receiving oral rehydration salts (%)","Children aged &lt; 5 years with diarrhoea receiving oral rehydration salts (%)","Children aged &lt; 5 years with diarrhoea receiving oral rehydration salts (%)","Children aged &lt; 5 years with diarrhoea receiving oral rehydration salts (%)","Children aged &lt; 5 years with diarrhoea receiving oral rehydration salts (%)","Children aged &lt; 5 years with diarrhoea receiving oral rehydration therapy and continued feeding (%)","Children aged &lt; 5 years with diarrhoea receiving oral rehydration therapy and continued feeding (%)","Children aged &lt; 5 years with diarrhoea receiving oral rehydration therapy and continued feeding (%)","Children aged &lt; 5 years with diarrhoea receiving oral rehydration therapy and continued feeding (%)","Children aged &lt; 5 years with diarrhoea receiving oral rehydration therapy and continued feeding (%)","Children aged &lt; 5 years with pneumonia symptoms taken to a health facility (%)","Children aged &lt; 5 years with pneumonia symptoms taken to a health facility (%)","Children aged &lt; 5 years with pneumonia symptoms taken to a health facility (%)","Children aged &lt; 5 years with pneumonia symptoms taken to a health facility (%)","Children aged &lt; 5 years with pneumonia symptoms taken to a health facility (%)"
"Country","Year","Data Source"," Q1 (Poorest)"," Q2"," Q3"," Q4"," Q5 (Richest)"," Q1 (Poorest)"," Q2"," Q3"," Q4"," Q5 (Richest)"," Q1 (Poorest)"," Q2"," Q3"," Q4"," Q5 (Richest)"
"Afghanistan"," 2015"," DHS","45.3 [41.0-49.7]","48.3 [43.2-53.5]","45.0 [36.3-54.0]","50.1 [44.7-55.5]","42.1 [34.5-50.0]","40.9 [36.0-46.0]","44.5 [39.6-49.5]","37.4 [30.1-45.3]","41.0 [36.0-46.2]","40.0 [33.5-46.9]","52.8 [45.1-60.4]","65.6 [59.0-71.7]","56.3 [38.7-72.5]","66.8 [56.4-75.7]","70.0 [61.5-77.2]"
"Afghanistan"," 2010"," MICS","56.2 [48.5-63.7]","50.0 [44.1-55.9]","53.6 [46.0-61.1]","55.3 [47.7-62.6]","50.4 [45.0-55.8]","50.5 [43.2-57.8]","42.6 [37.9-47.5]","49.0 [41.4-56.7]","52.1 [44.4-59.7]","40.8 [35.5-46.4]","45.2 [38.0-52.6]","60.3 [54.1-66.2]","66.3 [61.0-71.1]","62.9 [57.3-68.2]","65.6 [59.4-71.4]"
"Albania"," 2008"," DHS","No data","No data","No data","No data","No data","No data","No data","No data","No data","No data","51.7 [28.1-74.6]","No data","No data","No data","No data"
"Albania"," 2005"," MICS","No data","No data","No data","No data","No data","No data","No data","No data","No data","No data","No data","No data","No data","No data","No data"
"Albania"," 2002"," RHS","No data","No data","No data","No data","No data","No data","No data","No data","No data","No data","No data","No data","No data","No data","No data"
"Algeria"," 2012"," MICS","29.2 [22.2-37.5]","32.5 [24.3-42.0]","34.8 [27.1-43.5]","37.1 [28.6-46.3]","38.8 [29.8-48.5]","40.1 [32.7-47.9]","36.6 [27.5-46.7]","40.1 [32.2-48.6]","42.4 [34.6-50.6]","54.2 [44.0-64.0]","60.1 [50.8-68.7]","64.6 [54.4-73.7]","67.6 [58.4-75.6]","73.1 [63.0-81.3]","72.9 [58.4-83.7]"
"Angola"," 2015"," DHS","29.3 [23.4-35.9]","36.7 [31.5-42.1]","50.0 [43.6-56.4]","43.1 [33.9-52.7]","57.1 [45.3-68.1]","27.4 [22.8-32.6]","33.5 [28.6-38.9]","43.1 [36.1-50.3]","42.3 [33.5-51.6]","56.2 [46.9-65.1]","32.5 [20.9-46.8]","56.1 [43.9-67.5]","55.4 [44.7-65.6]","82.1 [64.2-92.2]","84.8 [66.3-94.1]"
"Argentina"," 2011"," MICS","26.1 [17.8-36.6]","16.7 [8.3-30.8]","16.6 [8.5-29.9]","12.3 [5.3-26.0]","6.0 [2.9-12.1]","58.7 [48.6-68.1]","51.9 [38.7-64.9]","67.9 [54.7-78.7]","61.6 [46.8-74.5]","60.9 [45.1-74.8]","93.7 [89.1-96.4]","96.4 [91.7-98.5]","93.5 [85.2-97.3]","93.5 [81.8-97.9]","97.0 [90.2-99.1]"
"Armenia"," 2010"," DHS","No data","38.2 [20.5-59.7]","27.1 [6.7-65.9]","No data","23.3 [8.2-50.8]","No data","92.4 [76.8-97.8]","73.7 [47.0-89.9]","No data","64.4 [40.9-82.5]","No data","No data","No data","No data","No data"
"Armenia"," 2005"," DHS","22.1 [12.4-36.4]","17.2 [6.9-36.6]","29.4 [15.3-49.1]","17.5 [7.5-35.7]","42.4 [21.5-66.3]","52.8 [34.8-70.1]","57.9 [37.2-76.1]","43.5 [27.8-60.7]","68.4 [45.2-85.0]","77.5 [59.9-88.8]","No data","No data","No data","No data","No data"
"Armenia"," 2000"," DHS","23.9 [8.2-52.6]","54.1 [31.7-75.0]","No data","No data","No data","36.3 [14.8-65.1]","63.5 [39.6-82.2]","No data","No data","No data","No data","No data","No data","No data","No data"
"Azerbaijan"," 2006"," DHS","23.4 [9.3-47.5]","11.4 [4.1-27.9]","29.6 [15.7-48.8]","10.2 [3.7-25.2]","No data","27.2 [15.5-43.3]","27.9 [13.9-48.0]","41.6 [27.2-57.7]","35.2 [16.0-60.8]","No data","No data","No data","No data","No data","No data"
"Bangladesh"," 2014"," DHS","71.8 [53.7-84.8]","74.5 [58.9-85.6]","77.7 [62.2-88.0]","82.7 [66.1-92.1]","81.3 [69.2-89.4]","75.6 [61.8-85.6]","61.1 [43.2-76.5]","62.0 [38.5-80.9]","62.0 [45.0-76.5]","67.3 [53.6-78.5]","37.8 [22.0-56.7]","45.4 [33.1-58.4]","36.0 [25.0-48.6]","38.8 [26.0-53.4]","59.8 [44.2-73.6]"
"Bangladesh"," 2012"," MICS","67.5 [61.1-73.3]","67.0 [58.7-74.4]","69.4 [58.7-78.4]","81.3 [72.2-87.9]","72.2 [57.7-83.1]","63.1 [56.3-69.4]","56.1 [47.2-64.6]","61.9 [51.4-71.4]","74.6 [65.4-82.0]","68.5 [53.8-80.3]","32.3 [25.9-39.4]","34.0 [26.3-42.6]","37.3 [27.9-47.9]","37.9 [24.6-53.3]","43.6 [31.0-57.1]"
"Bangladesh"," 2011"," DHS","81.2 [71.4-88.3]","83.4 [72.4-90.6]","71.2 [58.5-81.3]","67.6 [52.9-79.5]","82.3 [70.6-89.9]","77.4 [67.9-84.7]","76.6 [64.5-85.5]","71.8 [58.9-81.9]","72.7 [57.9-83.7]","79.3 [67.3-87.7]","24.7 [18.0-32.8]","30.3 [21.3-41.1]","29.1 [20.2-40.0]","46.2 [34.3-58.6]","58.7 [43.7-72.2]"
"Bangladesh"," 2007"," DHS","68.7 [57.3-78.2]","82.2 [73.2-88.7]","73.0 [63.0-81.2]","79.8 [67.0-88.5]","82.4 [70.2-90.3]","57.0 [47.3-66.1]","72.8 [60.1-82.7]","69.6 [60.5-77.4]","73.0 [55.4-85.5]","69.8 [58.2-79.4]","23.0 [13.6-36.3]","26.3 [15.9-40.4]","38.4 [22.9-56.6]","43.0 [29.0-58.2]","70.6 [51.0-84.7]"
"Bangladesh"," 2006"," MICS","58.2 [53.6-62.6]","61.2 [55.9-66.2]","62.4 [56.5-67.9]","72.7 [67.2-77.6]","76.9 [70.2-82.5]","44.5 [39.8-49.2]","47.0 [41.7-52.3]","49.4 [43.8-54.9]","54.6 [49.0-60.0]","55.1 [47.4-62.7]","16.0 [12.3-20.6]","25.5 [20.8-30.8]","26.9 [21.5-33.2]","41.2 [34.1-48.7]","55.6 [46.5-64.2]"
"Bangladesh"," 2004"," DHS","55.9 [44.3-66.8]","61.0 [52.0-69.3]","69.4 [57.8-79.1]","84.0 [72.8-91.1]","76.8 [63.7-86.2]","40.6 [31.8-50.1]","50.1 [38.5-61.8]","52.4 [40.3-64.3]","57.3 [44.3-69.3]","76.1 [61.9-86.2]","No data","No data","No data","No data","No data"
"Bangladesh"," 1999"," DHS","49.8 [39.2-60.4]","64.3 [53.2-74.0]","56.6 [44.6-67.9]","69.1 [55.0-80.4]","73.1 [62.1-81.8]","23.3 [14.9-34.6]","33.3 [22.2-46.6]","40.3 [28.0-53.9]","33.4 [21.9-47.3]","52.9 [41.3-64.2]","No data","No data","No data","No data","No data"
"Bangladesh"," 1996"," DHS","49.4 [38.7-60.2]","42.8 [30.6-56.0]","46.3 [34.0-59.1]","48.2 [34.1-62.6]","57.1 [43.1-70.0]","No data","No data","No data","No data","No data","No data","No data","No data","No data","No data"
"Bangladesh"," 1993"," DHS","52.4 [40.6-63.9]","42.0 [31.2-53.7]","50.7 [40.9-60.5]","42.0 [30.1-55.0]","68.1 [54.8-79.0]","No data","No data","No data","No data","No data","No data","No data","No data","No data","No data"
"Barbados"," 2012"," MICS","No data","No data","No data","No data","No data","No data","No data","No data","No data","No data","No data","No data","No data","No data","No data"
"Belarus"," 2012"," MICS","No data","55.1 [28.6-79.0]","65.7 [40.5-84.3]","16.0 [5.8-37.1]","49.5 [28.6-70.5]","No data","56.4 [29.8-79.8]","57.3 [28.5-81.9]","66.2 [43.7-83.2]","71.2 [47.7-87.0]","No data","95.0 [84.7-98.5]","95.9 [85.9-98.9]","97.5 [89.5-99.4]","94.0 [85.9-97.6]"
"Belarus"," 2005"," MICS","No data","36.3 [19.7-57.0]","No data","39.0 [23.2-57.5]","No data","No data","59.2 [37.7-77.7]","No data","45.7 [28.6-63.8]","No data","79.3 [63.6-89.4]","81.2 [66.4-90.4]","95.3 [88.1-98.3]","92.8 [83.8-97.0]","93.2 [80.9-97.8]"
"Belize"," 2011"," MICS","31.9 [21.5-44.5]","20.7 [9.1-40.4]","25.2 [11.6-46.3]","No data","No data","34.6 [20.6-51.8]","30.8 [13.6-55.6]","43.6 [26.2-62.8]","No data","No data","79.4 [62.3-90.0]","No data","No data","No data","No data"
"Belize"," 2006"," MICS","38.1 [21.7-57.7]","No data","No data","No data","No data","22.6 [12.5-37.4]","No data","No data","No data","No data","No data","No data","No data","No data","No data"
"Belize"," 1991"," RHS","20.4 [6.7-47.8]","31.9 [20.0-46.8]","23.6 [13.0-39.0]","No data","No data","37.6 [14.6-68.1]","33.3 [21.8-47.3]","20.0 [10.3-35.3]","No data","No data","No data","No data","No data","No data","No data"
"Benin"," 2011"," DHS","42.8 [34.8-51.2]","51.2 [43.6-58.7]","49.6 [42.4-56.8]","50.5 [42.2-58.8]","57.3 [48.0-66.2]","44.3 [35.8-53.2]","49.1 [41.5-56.7]","46.1 [38.1-54.3]","49.6 [40.5-58.7]","55.2 [46.0-64.2]","20.0 [9.5-37.2]","28.9 [14.3-49.8]","44.7 [25.2-66.0]","30.6 [17.9-47.1]","31.4 [17.5-49.7]"
"Benin"," 2006"," DHS","15.4 [11.7-20.2]","23.1 [18.2-29.0]","25.9 [20.5-32.1]","26.5 [21.2-32.6]","31.9 [24.4-40.6]","40.1 [33.7-46.9]","43.5 [37.6-49.6]","38.3 [32.8-44.0]","42.3 [35.9-49.0]","47.1 [38.3-56.1]","No data","No data","No data","No data","No data"
"Benin"," 2001"," DHS","21.5 [15.2-29.5]","15.9 [10.1-24.0]","28.3 [20.7-37.5]","26.6 [18.0-37.5]","29.0 [19.9-40.1]","41.1 [34.3-48.3]","31.0 [21.6-42.3]","49.1 [38.9-59.4]","45.6 [35.4-56.1]","46.2 [32.8-60.1]","No data","No data","No data","No data","No data"
"Benin"," 1996"," DHS","22.1 [14.9-31.5]","17.3 [11.3-25.4]","29.7 [23.2-37.1]","25.0 [18.8-32.5]","50.2 [39.0-61.3]","20.6 [15.2-27.2]","17.3 [11.1-26.1]","26.4 [19.2-35.1]","27.2 [19.1-37.0]","25.0 [16.3-36.4]","No data","No data","No data","No data","No data"
"Bhutan"," 2010"," MICS","60.1 [52.2-67.5]","61.8 [54.6-68.5]","59.9 [53.3-66.2]","64.6 [56.0-72.4]","56.0 [47.7-64.0]","60.9 [54.7-66.8]","64.6 [58.2-70.5]","61.5 [54.3-68.3]","60.8 [50.8-69.9]","60.4 [52.7-67.7]","63.6 [51.2-74.4]","80.6 [70.5-87.9]","77.6 [64.2-87.1]","76.5 [59.7-87.7]","81.8 [64.7-91.7]"
"Bolivia (Plurinational State of)"," 2008"," DHS","30.6 [26.0-35.5]","34.8 [27.6-42.8]","36.7 [31.0-42.8]","40.3 [33.8-47.2]","35.1 [28.1-42.8]","28.1 [23.5-33.3]","27.8 [22.6-33.8]","32.9 [27.2-39.2]","27.6 [22.0-34.0]","26.5 [18.9-35.7]","No data","No data","No data","No data","No data"
"Bolivia (Plurinational State of)"," 2003"," DHS","27.8 [23.5-32.4]","28.7 [24.0-34.0]","28.4 [23.3-34.1]","29.8 [23.3-37.2]","31.5 [24.4-39.7]","47.9 [43.4-52.5]","53.9 [48.1-59.6]","54.5 [47.9-60.9]","56.8 [49.3-64.0]","64.0 [55.7-71.6]","No data","No data","No data","No data","No data"
"Bolivia (Plurinational State of)"," 1998"," DHS","27.9 [23.0-33.3]","28.3 [22.5-35.0]","28.1 [22.2-34.9]","34.7 [27.5-42.6]","41.8 [30.2-54.3]","32.9 [27.4-38.9]","34.5 [28.0-41.5]","39.1 [32.3-46.5]","30.1 [22.2-39.4]","27.1 [18.4-37.9]","No data","No data","No data","No data","No data"
"Bolivia (Plurinational State of)"," 1994"," DHS","26.0 [21.1-31.6]","31.9 [25.6-39.0]","37.6 [31.0-44.7]","35.1 [28.6-42.3]","42.2 [30.3-55.1]","24.0 [19.1-29.9]","25.7 [18.9-33.9]","32.3 [26.1-39.2]","38.4 [31.4-45.9]","34.7 [22.8-48.9]","No data","No data","No data","No data","No data"
"Bosnia and Herzegovina"," 2011"," MICS","No data","36.1 [14.0-66.2]","No data","No data","67.1 [44.1-84.1]","No data","44.6 [20.8-71.2]","No data","No data","79.3 [58.0-91.4]","No data","No data","No data","No data","No data"
"Bosnia and Herzegovina"," 2006"," MICS","No data","39.6 [19.9-63.3]","39.4 [22.3-59.5]","19.1 [8.8-36.6]","40.7 [16.5-70.4]","No data","62.8 [42.4-79.5]","48.5 [30.2-67.2]","46.8 [22.8-72.3]","46.8 [23.3-71.9]","96.8 [81.6-99.5]","83.4 [71.4-91.0]","No data","96.7 [78.9-99.6]","No data"
"Brazil"," 1996"," DHS","43.1 [36.2-50.2]","47.0 [37.9-56.4]","51.6 [40.8-62.1]","37.3 [23.8-53.2]","29.3 [15.8-47.8]","23.1 [17.5-29.7]","34.0 [26.0-43.0]","32.2 [22.2-44.2]","30.7 [19.5-44.9]","26.3 [14.3-43.2]","No data","No data","No data","No data","No data"
"Burkina Faso"," 2010"," DHS","12.6 [9.3-17.0]","15.4 [11.6-20.1]","21.1 [17.0-25.9]","25.6 [21.1-30.7]","31.2 [24.8-38.5]","25.1 [20.3-30.5]","24.3 [20.0-29.3]","33.6 [28.6-39.1]","36.4 [31.6-41.5]","44.1 [37.7-50.7]","35.7 [20.0-55.2]","43.4 [27.4-61.0]","62.8 [48.5-75.1]","56.0 [42.0-69.0]","70.0 [57.5-80.1]"
"Burkina Faso"," 2006"," MICS","14.5 [9.8-21.1]","13.2 [8.8-19.4]","14.6 [9.9-21.0]","13.9 [9.6-19.8]","32.3 [24.1-41.7]","38.3 [30.3-47.1]","41.3 [33.7-49.4]","44.7 [38.6-51.0]","37.9 [29.4-47.2]","53.0 [43.9-61.9]","40.8 [28.9-54.0]","34.7 [21.6-50.6]","29.0 [16.4-45.9]","40.0 [26.8-54.9]","No data"
"Burkina Faso"," 2003"," DHS","11.8 [8.3-16.6]","16.8 [12.8-21.8]","21.2 [15.6-28.0]","15.5 [11.6-20.5]","30.2 [23.8-37.4]","43.9 [37.6-50.5]","41.0 [34.6-47.6]","46.3 [40.6-52.1]","53.1 [46.0-60.0]","55.9 [48.3-63.2]","No data","No data","No data","No data","No data"
"Burkina Faso"," 1998"," DHS","8.8 [5.3-14.2]","10.0 [6.5-14.9]","9.8 [6.1-15.4]","17.1 [12.1-23.6]","29.2 [24.1-34.9]","No data","No data","No data","No data","No data","No data","No data","No data","No data","No data"
"Burundi"," 2010"," DHS","35.4 [30.1-41.0]","36.8 [30.9-43.2]","41.3 [35.6-47.3]","34.7 [28.5-41.4]","41.8 [35.1-48.8]","39.1 [33.7-44.8]","39.3 [33.6-45.4]","43.2 [37.1-49.6]","45.7 [39.2-52.3]","46.9 [40.2-53.6]","51.7 [43.8-59.6]","53.0 [46.6-59.2]","58.9 [51.4-66.1]","52.9 [45.2-60.4]","57.8 [49.4-65.7]"
"Burundi"," 2005"," MICS","28.3 [22.9-34.4]","34.7 [28.0-42.2]","30.9 [24.5-38.2]","41.2 [33.8-49.1]","41.6 [34.6-49.0]","26.1 [20.9-32.1]","21.2 [16.1-27.4]","27.2 [20.9-34.7]","36.0 [28.3-44.6]","37.6 [31.0-44.6]","40.6 [32.8-49.1]","35.8 [29.1-43.1]","30.5 [24.0-37.8]","38.7 [30.2-48.0]","45.0 [36.1-54.4]"
"Cabo Verde"," 1998"," RHS","No data","No data","No data","No data","No data","No data","No data","No data","No data","No data","No data","No data","No data","No data","No data"
"Cambodia"," 2014"," DHS","39.8 [30.2-50.2]","35.2 [26.7-44.7]","41.6 [31.4-52.5]","30.6 [22.2-40.6]","26.7 [19.2-35.8]","52.3 [42.6-61.8]","47.1 [36.8-57.7]","53.7 [42.8-64.3]","47.0 [35.6-58.8]","58.1 [48.2-67.4]","67.9 [53.3-79.7]","64.9 [49.0-78.1]","78.1 [63.7-87.8]","67.3 [49.2-81.4]","66.5 [46.6-81.8]"
"Cambodia"," 2010"," DHS","31.8 [25.7-38.6]","32.8 [25.9-40.6]","39.0 [30.9-47.6]","34.5 [25.0-45.5]","34.3 [25.8-44.0]","49.7 [41.7-57.7]","38.8 [31.8-46.2]","56.4 [47.9-64.5]","52.0 [42.4-61.4]","42.9 [32.7-53.8]","60.7 [50.5-70.1]","64.1 [53.3-73.6]","74.7 [60.6-85.0]","56.1 [42.9-68.5]","65.2 [50.2-77.7]"
"Cambodia"," 2005"," DHS","19.8 [15.5-24.8]","20.2 [15.1-26.4]","25.4 [20.2-31.4]","22.2 [16.2-29.8]","18.3 [12.2-26.7]","56.0 [51.3-60.7]","51.3 [44.2-58.4]","51.9 [44.9-58.7]","43.3 [35.3-51.5]","37.0 [28.3-46.6]","39.4 [31.7-47.8]","41.2 [31.1-52.2]","57.6 [45.9-68.6]","65.7 [49.4-79.0]","79.8 [62.0-90.5]"
"Cambodia"," 2000"," DHS","9.1 [6.1-13.4]","13.4 [9.7-18.2]","17.6 [12.7-23.9]","23.0 [17.6-29.5]","39.2 [30.7-48.5]","56.8 [51.0-62.4]","60.0 [54.9-65.0]","56.4 [49.1-63.4]","59.3 [50.7-67.3]","67.4 [58.6-75.1]","No data","No data","No data","No data","No data"
"Cameroon"," 2014"," MICS","8.6 [5.7-12.8]","13.6 [9.5-19.1]","16.6 [12.0-22.5]","27.2 [20.7-34.9]","36.7 [28.2-46.2]","29.4 [23.0-36.8]","37.5 [31.8-43.7]","47.5 [39.8-55.3]","48.7 [40.4-57.1]","55.7 [45.8-65.1]","27.8 [16.3-43.4]","24.3 [15.3-36.2]","28.3 [15.8-45.3]","30.9 [17.7-48.1]","22.5 [9.7-43.8]"
"Cameroon"," 2011"," DHS","7.7 [5.5-10.8]","12.9 [9.5-17.3]","20.5 [16.1-25.8]","27.1 [22.4-32.3]","36.2 [29.1-44.0]","39.7 [35.5-44.0]","47.4 [42.6-52.3]","49.9 [43.8-56.1]","51.5 [45.1-57.8]","53.6 [46.2-60.8]","9.3 [5.2-16.2]","37.9 [29.4-47.3]","41.0 [29.9-53.1]","34.6 [24.3-46.6]","39.1 [25.5-54.5]"
"Cameroon"," 2006"," MICS","4.7 [2.9-7.5]","7.1 [4.1-12.1]","16.2 [11.2-22.8]","25.2 [15.1-38.8]","34.0 [24.0-45.7]","36.5 [30.4-43.1]","40.1 [32.8-47.9]","47.9 [39.4-56.5]","47.5 [38.3-56.8]","63.3 [52.1-73.2]","19.8 [12.5-30.0]","38.4 [25.5-53.1]","42.9 [32.4-54.1]","40.0 [25.6-56.2]","50.0 [33.5-66.5]"
"Cameroon"," 2004"," DHS","9.2 [5.9-13.9]","12.3 [8.5-17.5]","18.4 [14.5-23.0]","26.6 [20.1-34.4]","36.0 [26.4-46.9]","38.2 [33.2-43.5]","39.9 [32.3-48.2]","45.5 [38.2-53.0]","47.0 [37.3-56.9]","59.9 [49.1-69.9]","No data","No data","No data","No data","No data"
"Cameroon"," 1998"," DHS","16.4 [9.6-26.6]","17.2 [9.5-29.2]","27.1 [17.7-39.2]","27.3 [18.1-39.0]","31.8 [19.0-48.1]","22.2 [14.0-33.5]","29.9 [21.3-40.1]","33.6 [21.5-48.2]","43.3 [31.7-55.6]","37.6 [26.9-49.7]","No data","No data","No data","No data","No data"
"Central African Republic"," 2010"," MICS","11.3 [7.9-16.1]","10.5 [7.4-14.7]","12.9 [10.0-16.6]","19.8 [15.2-25.5]","27.9 [21.2-35.7]","34.7 [27.7-42.5]","35.8 [30.7-41.2]","31.4 [26.5-36.7]","45.6 [39.3-52.0]","41.4 [33.4-49.9]","19.9 [13.6-28.1]","19.6 [13.6-27.4]","24.9 [19.1-31.6]","39.7 [30.0-50.4]","56.4 [41.6-70.1]"
"Central African Republic"," 2006"," MICS","5.6 [3.1-9.8]","7.7 [5.0-11.7]","10.1 [6.5-15.2]","17.3 [11.7-25.0]","27.6 [20.0-36.7]","39.1 [30.1-48.9]","44.5 [38.0-51.1]","40.9 [33.6-48.5]","54.0 [45.8-61.9]","55.0 [46.8-63.0]","24.3 [16.4-34.4]","23.0 [14.0-35.4]","31.3 [21.0-44.0]","39.9 [28.8-52.2]","42.1 [30.4-54.8]"
"Central African Republic"," 1994"," DHS","18.4 [12.5-26.3]","22.5 [16.4-30.1]","39.9 [28.4-52.5]","28.5 [19.7-39.2]","36.1 [27.1-46.3]","21.1 [15.7-27.7]","21.8 [15.1-30.4]","31.2 [21.3-43.1]","39.3 [28.6-51.1]","36.8 [30.1-44.2]","No data","No data","No data","No data","No data"
"Chad"," 2014"," DHS","13.5 [9.6-18.8]","18.6 [14.6-23.4]","19.4 [15.3-24.3]","23.8 [18.2-30.5]","29.9 [25.5-34.7]","24.8 [20.7-29.4]","26.3 [21.8-31.3]","30.5 [26.1-35.4]","29.6 [24.5-35.3]","35.0 [30.8-39.4]","15.7 [10.3-23.3]","20.9 [14.5-29.1]","23.5 [16.2-32.8]","30.7 [21.4-41.9]","44.3 [36.2-52.8]"
"Chad"," 2010"," MICS","5.4 [3.6-8.1]","6.3 [4.4-9.0]","10.0 [7.5-13.1]","19.2 [16.0-22.9]","28.8 [24.2-34.0]","14.4 [11.0-18.7]","14.1 [11.1-17.7]","19.8 [16.5-23.6]","29.6 [25.5-34.1]","41.5 [36.5-46.8]","14.1 [9.6-20.2]","16.6 [10.9-24.4]","20.7 [15.0-27.8]","31.3 [24.9-38.6]","49.8 [42.4-57.2]"
"Chad"," 2004"," DHS","0.9 [0.2-3.9]","10.2 [6.8-15.1]","13.2 [7.0-23.6]","18.2 [11.5-27.4]","30.7 [23.6-38.8]","10.1 [6.0-16.7]","29.1 [22.0-37.4]","24.1 [17.3-32.5]","29.9 [21.5-39.9]","37.8 [31.6-44.5]","No data","No data","No data","No data","No data"
"Chad"," 1996"," DHS","10.0 [6.4-15.4]","16.4 [12.4-21.4]","16.5 [11.3-23.4]","33.4 [27.0-40.6]","39.7 [33.2-46.6]","18.2 [13.0-25.0]","17.3 [13.0-22.7]","19.1 [12.9-27.2]","24.6 [19.3-30.9]","36.2 [30.6-42.2]","No data","No data","No data","No data","No data"
"Colombia"," 2015"," DHS","No data","No data","No data","No data","No data","No data","No data","No data","No data","No data","No data","No data","No data","No data","No data"
"Colombia"," 2010"," DHS","47.0 [42.4-51.6]","56.5 [51.0-61.8]","62.2 [55.9-68.2]","51.1 [43.2-59.0]","61.0 [47.6-73.0]","45.5 [41.3-49.8]","51.7 [46.4-56.9]","55.3 [48.7-61.7]","56.3 [48.5-63.9]","64.1 [52.3-74.5]","No data","No data","No data","No data","No data"
"Colombia"," 2005"," DHS","40.3 [35.9-44.7]","46.3 [40.4-52.3]","48.6 [42.1-55.1]","59.0 [49.8-67.5]","44.6 [33.0-56.7]","37.4 [32.7-42.3]","40.8 [35.1-46.8]","34.2 [28.6-40.4]","39.7 [31.5-48.7]","46.7 [34.9-58.8]","No data","No data","No data","No data","No data"
"Colombia"," 2000"," DHS","29.8 [23.1-37.5]","35.9 [28.5-44.1]","40.4 [31.7-49.8]","41.8 [30.3-54.3]","41.8 [29.3-55.4]","42.7 [34.7-51.1]","49.8 [42.2-57.3]","51.9 [42.7-61.0]","46.6 [34.8-58.8]","63.9 [50.8-75.2]","No data","No data","No data","No data","No data"
"Colombia"," 1995"," DHS","34.1 [28.1-40.7]","49.0 [41.1-56.9]","46.5 [38.9-54.4]","49.8 [39.9-59.7]","49.9 [36.8-63.0]","23.1 [17.5-29.9]","25.1 [19.5-31.6]","26.1 [19.9-33.4]","36.2 [28.6-44.6]","25.3 [14.6-40.1]","No data","No data","No data","No data","No data"
"Comoros"," 2012"," DHS","39.2 [28.9-50.7]","32.8 [22.1-45.6]","35.0 [22.6-49.8]","47.9 [34.0-62.2]","36.1 [23.8-50.6]","42.4 [29.8-56.2]","52.1 [38.8-65.2]","53.8 [43.8-63.6]","70.4 [57.1-81.0]","56.8 [43.3-69.3]","27.1 [13.6-46.7]","No data","No data","No data","No data"
"Comoros"," 1996"," DHS","19.4 [11.4-30.9]","30.0 [19.7-42.8]","18.6 [9.3-33.7]","47.6 [33.3-62.4]","35.1 [20.5-53.3]","24.2 [13.2-40.2]","30.0 [21.2-40.6]","18.6 [10.5-30.8]","16.7 [6.5-36.6]","27.0 [15.4-42.9]","No data","No data","No data","No data","No data"
"Congo"," 2011"," DHS","22.1 [17.2-27.8]","30.0 [17.6-46.3]","23.9 [15.1-35.6]","27.1 [17.6-39.1]","37.3 [27.9-47.7]","38.7 [32.9-44.9]","48.8 [36.3-61.3]","49.4 [39.1-59.7]","53.2 [43.3-62.7]","51.4 [41.1-61.6]","40.5 [32.2-49.3]","48.9 [35.4-62.6]","41.1 [25.8-58.3]","65.5 [41.8-83.3]","70.5 [49.7-85.3]"
"Congo"," 2005"," DHS","12.9 [7.8-20.7]","20.6 [13.9-29.4]","16.2 [9.6-26.0]","24.9 [17.1-34.8]","17.6 [9.4-30.4]","35.9 [25.1-48.4]","37.6 [24.5-52.8]","37.8 [27.4-49.5]","42.9 [32.8-53.7]","45.2 [32.5-58.6]","No data","No data","No data","No data","No data"
"Costa Rica"," 2011"," MICS","32.8 [19.7-49.2]","55.6 [23.9-83.3]","41.4 [8.6-84.1]","21.5 [7.5-48.1]","No data","54.1 [38.1-69.4]","81.5 [60.1-92.8]","78.5 [49.1-93.2]","63.7 [30.6-87.5]","No data","79.5 [55.5-92.4]","85.6 [58.5-96.2]","47.8 [22.0-74.8]","No data","No data"
"Costa Rica"," 1992"," RHS","35.6 [21.8-52.2]","34.1 [20.8-50.4]","15.4 [5.7-35.3]","25.9 [13.0-45.1]","No data","No data","No data","No data","No data","No data","No data","No data","No data","No data","No data"
"C么te d'Ivoire"," 2011"," DHS","6.4 [3.7-10.8]","19.2 [14.4-25.1]","14.2 [10.0-19.8]","25.6 [18.8-33.8]","23.9 [16.1-33.9]","40.2 [31.0-50.2]","35.4 [28.8-42.5]","34.6 [28.7-41.1]","35.3 [27.4-44.0]","35.6 [25.4-47.3]","17.9 [3.9-53.8]","29.6 [19.4-42.4]","49.9 [34.8-65.0]","47.8 [31.7-64.4]","41.8 [28.0-57.0]"
"C么te d'Ivoire"," 2006"," MICS","7.6 [4.8-11.7]","12.0 [7.3-19.0]","12.9 [8.9-18.3]","19.0 [12.7-27.5]","24.6 [16.7-34.7]","43.6 [36.5-51.0]","45.0 [37.2-53.0]","38.0 [30.7-45.8]","45.6 [37.1-54.2]","59.6 [47.6-70.5]","20.5 [14.2-28.7]","31.5 [21.6-43.5]","40.6 [28.8-53.7]","49.3 [34.6-64.1]","71.4 [49.5-86.4]"
"C么te d'Ivoire"," 1998"," DHS","15.6 [9.6-24.4]","27.9 [18.4-39.9]","20.6 [10.8-35.9]","25.2 [15.2-38.7]","35.8 [24.0-49.7]","25.0 [15.4-37.8]","29.2 [19.4-41.3]","38.9 [26.4-53.0]","31.3 [20.5-44.5]","34.6 [25.4-45.1]","No data","No data","No data","No data","No data"
"C么te d'Ivoire"," 1994"," DHS","1.8 [0.6-5.6]","10.7 [7.0-16.0]","11.7 [7.4-18.0]","20.1 [15.0-26.5]","10.7 [6.9-16.3]","19.4 [13.9-26.5]","19.9 [13.9-27.5]","30.9 [23.6-39.3]","32.1 [24.6-40.7]","29.0 [20.3-39.4]","No data","No data","No data","No data","No data"
"Cuba"," 2014"," MICS","No data","No data","No data","No data","No data","No data","No data","No data","No data","No data","No data","No data","No data","No data","No data"
"Cuba"," 2010"," MICS","No data","No data","No data","No data","No data","No data","No data","No data","No data","No data","No data","No data","No data","No data","No data"
"Cuba"," 2006"," MICS","No data","No data","No data","No data","No data","No data","No data","No data","No data","No data","No data","No data","No data","No data","No data"
"Democratic Republic of the Congo"," 2013"," DHS","30.6 [25.1-36.7]","39.4 [32.6-46.6]","40.3 [34.2-46.6]","44.5 [39.0-50.0]","41.7 [35.6-48.0]","32.2 [27.7-37.1]","41.9 [36.1-48.0]","42.5 [36.9-48.2]","41.1 [32.8-50.1]","43.2 [37.0-49.7]","37.2 [27.5-48.0]","39.9 [31.2-49.4]","49.0 [38.9-59.2]","39.2 [28.9-50.5]","43.5 [28.9-59.3]"
"Democratic Republic of the Congo"," 2010"," MICS","28.1 [21.4-35.9]","24.9 [18.8-32.1]","26.6 [20.4-33.8]","26.8 [20.9-33.7]","26.2 [19.7-34.0]","40.0 [34.0-46.2]","39.3 [33.0-46.0]","36.9 [29.6-44.7]","39.1 [31.7-47.1]","42.3 [36.1-48.7]","32.4 [22.2-44.6]","48.1 [37.0-59.4]","38.5 [27.7-50.6]","40.0 [27.5-53.9]","44.7 [36.6-53.0]"
"Democratic Republic of the Congo"," 2007"," DHS","19.2 [13.8-26.0]","31.5 [23.4-41.1]","30.1 [20.5-41.9]","40.9 [32.7-49.7]","31.8 [22.4-42.8]","38.7 [29.6-48.7]","41.0 [34.1-48.3]","47.4 [36.7-58.3]","43.9 [34.6-53.6]","39.8 [29.1-51.5]","No data","No data","No data","No data","No data"
"Djibouti"," 2006"," MICS","No data","No data","No data","No data","No data","No data","No data","No data","No data","No data","No data","No data","No data","No data","No data"
"Dominican Republic"," 2014"," MICS","42.9 [39.0-46.8]","45.1 [40.1-50.3]","52.0 [45.4-58.5]","46.7 [39.9-53.6]","56.5 [48.1-64.5]","48.5 [44.6-52.5]","51.9 [46.5-57.3]","53.1 [46.4-59.8]","52.7 [45.6-59.7]","57.9 [49.0-66.3]","71.5 [65.0-77.2]","74.0 [66.3-80.5]","72.2 [64.5-78.8]","63.7 [51.1-74.6]","80.8 [68.3-89.1]"
"Dominican Republic"," 2013"," DHS","47.1 [38.5-56.0]","47.0 [36.5-57.7]","47.7 [37.0-58.7]","44.9 [29.6-61.2]","57.4 [40.0-73.1]","50.1 [39.4-60.7]","55.1 [45.2-64.6]","58.4 [47.8-68.3]","53.7 [38.4-68.4]","63.3 [47.0-77.1]","73.6 [62.9-82.0]","76.3 [63.3-85.7]","57.1 [42.1-71.0]","62.4 [40.6-80.2]","46.9 [29.9-64.6]"
"Dominican Republic"," 2007"," DHS","41.4 [35.7-47.3]","39.4 [31.2-48.2]","41.4 [32.4-51.1]","41.8 [31.0-53.4]","37.8 [26.0-51.3]","54.2 [48.8-59.5]","57.6 [50.9-64.0]","50.4 [41.8-59.0]","58.9 [49.2-68.0]","56.7 [42.6-69.8]","63.2 [56.1-69.8]","70.1 [60.8-77.9]","66.6 [50.3-79.7]","72.6 [59.9-82.4]","65.1 [43.4-82.0]"
"Dominican Republic"," 2002"," DHS","36.1 [31.3-41.2]","24.2 [19.6-29.4]","26.6 [20.5-33.7]","32.4 [24.2-41.8]","14.0 [7.3-25.1]","48.1 [42.3-54.0]","40.4 [34.4-46.8]","34.7 [27.6-42.4]","48.7 [38.4-59.2]","32.5 [22.6-44.2]","No data","No data","No data","No data","No data"
"Dominican Republic"," 1999"," DHS","42.9 [21.0-68.0] 42.9 [21.0-68.0]","No data","No data","No data","No data","18.0 [8.9-33.2] 18.0 [8.9-33.2]","No data","No data","No data","No data","No data","No data","No data","No data","No data"
"Dominican Republic"," 1996"," DHS","11.9 [7.1-19.3]","17.0 [8.5-31.2]","12.4 [7.5-19.8]","9.1 [4.7-16.8]","8.4 [3.4-19.0]","7.9 [4.4-13.6]","11.0 [5.4-21.0]","8.2 [4.2-15.5]","7.9 [3.6-16.5]","4.3 [1.2-14.5]","No data","No data","No data","No data","No data"
"Ecuador"," 2004"," RHS","26.5 [18.2-36.9]","26.5 [19.0-35.7]","20.9 [11.2-35.8]","26.8 [16.6-40.3]","51.0 [34.4-67.4]","35.3 [26.3-45.5]","29.9 [21.0-40.6]","28.4 [17.3-42.9]","23.5 [15.4-34.1]","35.8 [18.9-57.2]","No data","No data","No data","No data","No data"
"Ecuador"," 1999"," RHS","16.5 [10.9-24.2]","25.2 [17.7-34.5]","29.7 [20.8-40.5]","28.9 [20.9-38.5]","34.8 [21.6-50.7]","32.5 [24.2-42.1]","34.2 [26.0-43.6]","32.2 [23.7-42.1]","20.1 [14.1-27.8]","38.5 [23.4-56.1]","No data","No data","No data","No data","No data"
"Ecuador"," 1994"," RHS","20.0 [10.3-35.3]","24.9 [13.7-41.0]","34.9 [21.5-51.1]","27.8 [15.5-44.7]","29.9 [12.8-55.3]","19.1 [11.5-30.2]","30.0 [18.3-45.0]","25.4 [15.7-38.5]","29.8 [16.9-46.9]","23.0 [8.5-49.2]","No data","No data","No data","No data","No data"
"Egypt"," 2014"," DHS","27.0 [21.7-33.1]","31.6 [26.8-36.8]","29.6 [24.4-35.4]","28.1 [23.0-33.8]","23.1 [17.6-29.6]","16.9 [12.8-22.0]","26.4 [21.8-31.6]","24.9 [20.3-30.1]","21.3 [16.8-26.6]","18.2 [12.8-25.1]","63.9 [57.5-69.8]","62.6 [56.2-68.6]","72.8 [66.9-78.0]","71.4 [65.5-76.6]","65.7 [57.7-72.9]"
"Egypt"," 2008"," DHS","34.0 [28.1-40.3]","32.7 [25.6-40.8]","26.7 [20.3-34.2]","23.5 [17.2-31.2]","22.8 [15.3-32.7]","18.7 [13.9-24.7]","22.4 [16.1-30.3]","20.0 [14.5-27.1]","11.9 [7.5-18.3]","12.8 [6.8-23.0]","69.6 [61.7-76.5]","70.8 [62.2-78.1]","66.4 [56.8-74.7]","79.2 [70.7-85.8]","81.5 [73.6-87.5]"
"Egypt"," 2005"," DHS","40.5 [30.5-51.4]","34.4 [23.4-47.5]","33.7 [22.2-47.6]","28.9 [18.5-42.0]","24.5 [13.9-39.5]","31.8 [23.4-41.6]","28.3 [18.7-40.4]","27.5 [17.4-40.6]","22.8 [13.7-35.5]","20.8 [11.3-35.1]","62.3 [43.2-78.2]","66.4 [48.8-80.4]","64.0 [43.6-80.3]","71.6 [54.4-84.2]","76.4 [53.6-90.1]"
"Egypt"," 2000"," DHS","41.3 [34.5-48.4]","37.8 [29.3-47.1]","35.4 [29.0-42.4]","27.5 [19.5-37.3]","19.3 [12.4-28.7]","32.4 [25.5-40.2]","28.4 [21.2-36.9]","32.8 [25.5-41.1]","22.9 [16.5-30.9]","23.8 [16.8-32.5]","No data","No data","No data","No data","No data"
"Egypt"," 1995"," DHS","43.3 [37.3-49.6]","44.1 [38.5-49.9]","42.9 [37.3-48.7]","36.1 [29.7-43.1]","31.5 [24.6-39.2]","24.1 [18.9-30.2]","19.2 [14.8-24.6]","14.1 [10.4-18.8]","21.3 [16.4-27.1]","13.9 [8.7-21.5]","No data","No data","No data","No data","No data"
"El Salvador"," 2014"," MICS","71.4 [64.7-77.2]","68.9 [61.4-75.6]","70.7 [62.4-77.8]","65.0 [54.4-74.2]","63.8 [50.3-75.5]","68.8 [62.0-74.9]","74.2 [66.9-80.4]","73.1 [64.4-80.3]","75.8 [67.3-82.8]","65.8 [50.8-78.2]","72.6 [62.6-80.8]","75.7 [65.5-83.6]","81.3 [72.6-87.7]","81.6 [64.6-91.6]","91.8 [84.3-95.9]"
"El Salvador"," 2008"," RHS","47.4 [38.6-56.4]","54.1 [45.2-62.7]","57.0 [46.0-67.4]","64.4 [51.7-75.4]","49.2 [30.5-68.2]","No data","No data","No data","No data","No data","No data","No data","No data","No data","No data"
"El Salvador"," 2002"," RHS","48.4 [39.4-57.6]","42.4 [33.0-52.4]","60.1 [47.1-71.9]","53.7 [35.9-70.6]","72.6 [42.2-90.6]","No data","No data","No data","No data","No data","No data","No data","No data","No data","No data"
"El Salvador"," 1998"," RHS","39.1 [32.8-45.8]","46.5 [39.2-54.0]","45.0 [37.0-53.3]","40.4 [30.8-50.8]","45.8 [31.3-61.1]","No data","No data","No data","No data","No data","No data","No data","No data","No data","No data"
"El Salvador"," 1993"," RHS","50.2 [42.5-57.9]","47.0 [37.1-57.1]","42.4 [32.5-53.0]","44.0 [33.4-55.2]","46.1 [31.5-61.4]","25.9 [19.4-33.6]","34.8 [26.8-43.8]","30.0 [21.4-40.3]","24.7 [16.2-35.7]","31.5 [19.7-46.1]","No data","No data","No data","No data","No data"
"Eswatini"," 2014"," MICS","90.5 [82.7-95.0]","88.0 [80.1-93.0]","85.4 [76.7-91.2]","73.1 [42.2-91.0]","74.3 [52.1-88.5]","45.4 [35.7-55.5]","42.4 [33.1-52.2]","59.3 [47.6-70.0]","40.0 [23.5-59.3]","42.3 [24.4-62.4]","55.1 [43.2-66.4]","66.6 [51.9-78.7]","72.0 [56.1-83.9]","54.8 [35.9-72.3]","No data"
"Eswatini"," 2010"," MICS","58.0 [47.3-68.0]","55.8 [43.6-67.4]","60.5 [46.9-72.6]","49.8 [37.4-62.2]","60.3 [46.6-72.6]","34.4 [25.8-44.2]","48.5 [37.5-59.7]","56.9 [46.8-66.5]","53.3 [41.2-65.0]","53.8 [40.6-66.5]","61.9 [51.2-71.5]","46.1 [33.2-59.5]","57.1 [45.0-68.4]","58.1 [43.8-71.1]","63.3 [47.8-76.4]"
"Eswatini"," 2006"," DHS","84.4 [74.9-90.7]","90.0 [77.4-96.0]","90.8 [81.5-95.7]","81.0 [66.3-90.2]","79.0 [65.0-88.3]","42.1 [34.0-50.7]","57.2 [44.2-69.4]","53.9 [40.9-66.3]","59.1 [44.9-72.0]","43.7 [31.3-56.8]","66.1 [53.3-76.9]","70.5 [59.8-79.4]","67.7 [48.4-82.5]","80.8 [61.8-91.6]","74.9 [55.5-87.7]"
"Ethiopia"," 2011"," DHS","18.0 [13.3-23.9]","22.4 [15.9-30.7]","27.0 [20.5-34.6]","27.7 [21.5-34.9]","45.3 [35.0-56.0]","24.0 [18.7-30.4]","17.9 [12.4-25.1]","25.3 [18.7-33.2]","27.5 [20.7-35.5]","34.0 [24.9-44.4]","15.5 [9.8-23.6]","25.2 [16.2-37.0]","22.1 [14.7-31.8]","33.2 [22.0-46.7]","61.7 [45.1-76.0]"
"Ethiopia"," 2005"," DHS","13.5 [9.7-18.4]","13.5 [9.3-19.1]","23.1 [16.6-31.3]","19.8 [13.9-27.4]","37.8 [30.4-45.8]","9.7 [6.2-14.9]","10.4 [7.0-15.1]","17.0 [12.6-22.6]","14.7 [9.9-21.3]","29.6 [20.9-40.1]","25.9 [15.9-39.1]","14.2 [7.3-25.9]","25.0 [16.7-35.7]","17.0 [11.0-25.4]","35.2 [23.1-49.6]"
"Ethiopia"," 2000"," DHS","8.2 [5.6-12.0]","8.9 [6.1-12.7]","10.1 [7.4-13.6]","12.7 [9.6-16.6]","33.2 [24.7-43.0]","37.3 [30.8-44.2]","34.3 [28.7-40.3]","38.1 [32.1-44.4]","37.0 [31.3-43.1]","46.0 [38.2-54.0]","No data","No data","No data","No data","No data"
"Gabon"," 2012"," DHS","23.8 [18.8-29.7]","21.0 [13.2-31.7]","20.3 [12.4-31.3]","46.4 [32.3-61.2]","18.5 [7.2-39.7]","53.4 [46.8-59.9]","46.5 [36.2-57.2]","52.8 [41.6-63.7]","56.0 [41.0-70.0]","50.4 [30.4-70.3]","34.7 [26.9-43.3]","44.0 [26.2-63.5]","46.7 [28.7-65.5]","64.3 [42.8-81.2]","63.3 [44.8-78.5]"
"Gabon"," 2000"," DHS","26.5 [18.9-35.7]","28.4 [21.0-37.2]","24.1 [15.4-35.6]","20.5 [13.9-29.2]","23.7 [14.1-37.0]","37.4 [30.4-44.9]","42.4 [31.6-54.0]","50.0 [37.9-62.1]","43.7 [34.7-53.2]","45.1 [31.1-59.8]","No data","No data","No data","No data","No data"
"Gambia"," 2013"," DHS","55.8 [48.2-63.1]","56.8 [49.8-63.6]","60.7 [53.2-67.8]","64.4 [56.2-71.8]","57.9 [50.2-65.2]","45.5 [35.7-55.6]","48.8 [40.9-56.7]","54.8 [47.2-62.1]","56.8 [48.7-64.5]","48.0 [36.2-60.1]","69.7 [56.3-80.5]","70.1 [59.1-79.2]","70.8 [56.0-82.3]","62.4 [47.7-75.0]","67.3 [52.9-79.0]"
"Gambia"," 2005"," MICS","37.0 [29.1-45.5]","49.4 [42.2-56.6]","36.8 [30.2-43.9]","34.0 [27.4-41.3]","43.5 [35.2-52.0]","34.4 [27.9-41.6]","37.2 [31.2-43.8]","42.8 [35.9-50.0]","41.0 [34.0-48.5]","33.3 [26.0-41.4]","68.2 [57.8-77.1]","73.9 [62.4-82.9]","71.2 [59.9-80.4]","62.3 [50.4-72.9]","68.1 [54.1-79.5]"
"Georgia"," 2005"," MICS","33.1 [17.8-53.1]","50.0 [29.9-70.1]","34.5 [20.9-51.1]","38.1 [22.3-57.0]","45.1 [24.0-68.2]","20.7 [9.1-40.5]","44.9 [27.3-63.8]","42.5 [27.6-59.0]","26.5 [13.9-44.7]","50.1 [25.2-75.0]","No data","No data","No data","No data","No data"
"Ghana"," 2014"," DHS","46.6 [36.8-56.7]","48.2 [39.7-56.8]","47.0 [37.6-56.6]","53.9 [41.0-66.2]","49.9 [34.2-65.7]","40.2 [32.4-48.5]","43.2 [35.0-51.7]","36.3 [27.9-45.6]","43.3 [28.3-59.7]","48.3 [32.5-64.4]","53.6 [35.5-70.8]","34.3 [20.2-51.9]","69.0 [53.4-81.2]","No data","No data"
"Ghana"," 2011"," MICS","44.3 [36.3-52.6]","33.5 [24.6-43.6]","33.1 [23.1-44.9]","26.6 [16.1-40.5]","27.0 [15.7-42.3]","44.7 [36.2-53.5]","40.8 [32.3-49.9]","43.6 [33.2-54.7]","50.7 [37.1-64.1]","37.6 [21.5-57.0]","34.4 [24.0-46.6]","40.8 [27.7-55.3]","41.9 [22.5-64.1]","No data","No data"
"Ghana"," 2008"," DHS","40.8 [33.1-48.9]","42.6 [33.0-52.7]","47.5 [36.3-58.9]","51.1 [37.5-64.6]","45.1 [29.1-62.1]","33.7 [27.5-40.6]","43.7 [34.2-53.7]","50.2 [37.5-62.9]","54.8 [39.4-69.3]","57.3 [39.9-73.1]","36.5 [23.4-52.0]","48.3 [29.5-67.6]","No data","63.2 [40.5-81.3]","No data"
"Ghana"," 2006"," MICS","18.3 [13.4-24.4]","29.2 [20.2-40.2]","29.2 [19.3-41.6]","33.6 [21.8-47.9]","48.5 [33.0-64.3]","30.9 [24.2-38.5]","22.2 [15.0-31.5]","20.5 [12.0-32.9]","42.3 [29.4-56.4]","33.2 [22.1-46.5]","30.0 [18.7-44.5]","28.4 [17.0-43.4]","45.0 [26.9-64.5]","No data","No data"
"Ghana"," 2003"," DHS","32.6 [26.6-39.3]","34.2 [25.3-44.4]","43.5 [32.6-55.0]","38.7 [28.6-49.8]","57.4 [43.2-70.5]","35.3 [28.9-42.2]","34.0 [24.9-44.5]","46.1 [34.3-58.4]","34.8 [24.1-47.3]","62.8 [47.8-75.7]","No data","No data","No data","No data","No data"
"Ghana"," 1998"," DHS","23.8 [18.1-30.7]","23.2 [16.0-32.3]","34.3 [24.8-45.2]","45.2 [35.5-55.2]","25.2 [14.4-40.5]","20.6 [15.0-27.6]","27.5 [19.4-37.3]","19.8 [12.4-30.2]","25.8 [15.8-39.2]","39.5 [26.5-54.3]","No data","No data","No data","No data","No data"
"Ghana"," 1993"," DHS","20.5 [12.3-32.1]","19.2 [12.7-28.1]","26.7 [18.2-37.3]","46.3 [35.0-57.9]","38.0 [25.9-51.7]","No data","No data","No data","No data","No data","No data","No data","No data","No data","No data"
"Guatemala"," 2014"," DHS","48.9 [43.9-54.0]","45.6 [40.3-51.0]","47.0 [41.3-52.9]","50.6 [43.3-57.9]","54.5 [47.2-61.7]","53.0 [48.4-57.5]","55.5 [50.6-60.3]","58.4 [52.2-64.2]","55.9 [48.6-62.9]","62.1 [54.0-69.6]","46.5 [40.4-52.7]","50.4 [43.9-56.9]","53.0 [46.2-59.6]","54.8 [44.5-64.7]","68.2 [55.7-78.5]"
"Guatemala"," 2008"," RHS","38.9 [34.5-43.4]","31.6 [26.9-36.6]","34.7 [28.5-41.5]","39.8 [32.9-47.1]","51.2 [38.9-63.3]","30.1 [25.9-34.7]","30.1 [25.4-35.3]","32.9 [26.8-39.6]","34.3 [27.8-41.5]","44.5 [32.6-57.0]","No data","No data","No data","No data","No data"
"Guatemala"," 2002"," RHS","36.7 [32.4-41.1]","32.7 [27.0-38.8]","30.1 [24.1-36.9]","34.5 [24.6-45.9]","33.5 [19.9-50.7]","23.2 [19.7-27.1]","27.4 [21.9-33.7]","29.2 [23.1-36.2]","35.3 [25.4-46.6]","36.2 [22.3-53.0]","No data","No data","No data","No data","No data"
"Guatemala"," 1998"," DHS","29.9 [21.9-39.4]","28.5 [20.3-38.5]","35.3 [24.7-47.5]","30.6 [19.1-45.2]","27.2 [12.5-49.5]","17.3 [11.6-25.2]","14.2 [8.1-23.6]","26.0 [16.7-38.0]","38.2 [23.6-55.3]","18.9 [9.6-33.9]","No data","No data","No data","No data","No data"
"Guatemala"," 1995"," DHS","18.0 [13.3-24.1]","17.7 [13.9-22.3]","23.9 [18.2-30.8]","28.8 [18.9-41.2]","23.5 [15.4-34.2]","18.3 [13.8-23.8]","21.5 [16.0-28.2]","19.0 [14.9-23.9]","21.3 [12.5-34.1]","23.1 [14.0-35.8]","No data","No data","No data","No data","No data"
"Guinea"," 2012"," DHS","26.2 [18.8-35.3]","26.2 [18.8-35.2]","34.6 [27.4-42.6]","38.6 [31.6-46.1]","49.3 [38.6-60.1]","32.6 [24.6-41.7]","39.9 [32.7-47.5]","38.1 [30.4-46.4]","43.8 [36.3-51.5]","46.9 [39.2-54.7]","19.1 [11.4-30.3]","27.7 [18.0-40.1]","34.6 [24.2-46.8]","44.5 [33.0-56.6]","78.1 [61.9-88.6]"
"Guinea"," 2005"," DHS","18.2 [11.3-28.0]","21.6 [15.7-28.9]","32.6 [23.7-43.1]","45.9 [36.1-55.9]","59.3 [47.7-69.9]","31.9 [24.7-40.1]","30.9 [23.4-39.5]","41.3 [33.0-50.2]","42.8 [34.2-51.8]","45.1 [35.4-55.2]","No data","No data","No data","No data","No data"
"Guinea"," 1999"," DHS","29.0 [23.2-35.6]","23.2 [18.5-28.7]","38.6 [29.9-48.1]","42.9 [35.5-50.6]","45.1 [36.6-53.9]","24.5 [19.9-29.8]","24.8 [18.5-32.4]","31.6 [24.3-39.9]","31.3 [24.9-38.4]","34.3 [27.5-41.8]","No data","No data","No data","No data","No data"
"Guinea-Bissau"," 2014"," MICS","25.5 [19.5-32.6]","40.4 [30.9-50.6]","31.6 [24.7-39.4]","44.9 [36.2-53.8]","30.1 [16.5-48.5]","48.3 [40.2-56.5]","50.4 [41.3-59.5]","56.0 [47.4-64.2]","59.2 [48.3-69.4]","58.9 [49.3-67.9]","39.9 [24.1-58.1]","32.0 [18.3-49.8]","40.9 [25.3-58.5]","33.2 [16.9-54.9]","No data"
"Guinea-Bissau"," 2006"," MICS","18.4 [11.8-27.6]","18.9 [13.4-26.1]","21.4 [15.7-28.6]","20.7 [14.3-28.8]","43.2 [33.7-53.2]","36.5 [28.6-45.3]","35.7 [28.1-44.2]","30.6 [23.3-38.9]","33.1 [25.2-42.1]","38.4 [29.6-48.0]","31.9 [21.2-44.9]","49.2 [35.1-63.6]","45.7 [31.5-60.6]","71.9 [58.2-82.4]","81.6 [68.4-90.1]"
"Guyana"," 2014"," MICS","46.8 [34.8-59.1]","34.9 [20.1-53.3]","34.8 [15.2-61.4]","No data","No data","31.2 [22.5-41.4]","19.4 [10.1-34.0]","28.8 [10.6-58.0]","No data","No data","85.8 [67.4-94.7]","No data","No data","No data","No data"
"Guyana"," 2009"," DHS","58.6 [42.7-73.0]","36.0 [19.5-56.6]","76.1 [57.0-88.5]","No data","No data","33.1 [22.8-45.3]","43.2 [24.9-63.7]","63.6 [43.2-80.0]","No data","No data","75.2 [57.7-87.1]","No data","No data","No data","No data"
"Guyana"," 2006"," MICS","43.7 [33.6-54.3]","25.4 [12.7-44.3]","42.5 [24.7-62.5]","No data","No data","25.9 [17.4-36.8]","17.5 [7.5-35.9]","38.6 [21.7-58.7]","No data","No data","65.1 [45.9-80.5]","No data","No data","No data","No data"
"Haiti"," 2012"," DHS","51.6 [44.8-58.4]","46.1 [38.1-54.3]","53.5 [46.3-60.5]","56.1 [48.8-63.1]","62.2 [53.5-70.3]","60.0 [52.2-67.3]","45.3 [38.1-52.6]","61.1 [55.0-66.9]","61.5 [54.4-68.1]","57.0 [45.3-67.9]","22.9 [17.1-29.9]","31.8 [22.7-42.5]","36.0 [30.0-42.5]","52.1 [42.5-61.5]","51.2 [42.4-60.0]"
"Haiti"," 2005"," DHS","29.1 [23.7-35.2]","34.5 [26.6-43.3]","44.9 [36.3-53.9]","50.3 [40.9-59.7]","50.1 [31.9-68.2]","38.7 [32.4-45.4]","35.6 [28.7-43.1]","40.9 [30.5-52.1]","52.4 [43.4-61.2]","54.3 [36.9-70.7]","20.6 [13.0-30.9]","28.9 [18.6-42.0]","46.1 [34.0-58.6]","34.3 [22.8-48.0]","35.4 [22.3-51.2]"
"Haiti"," 2000"," DHS","25.4 [21.3-30.1]","29.5 [23.8-36.0]","35.4 [27.4-44.4]","45.8 [29.1-63.4]","40.7 [31.2-51.1]","34.3 [28.3-40.8]","37.5 [27.7-48.5]","35.2 [26.2-45.4]","47.0 [30.3-64.4]","55.6 [43.6-67.0]","No data","No data","No data","No data","No data"
"Haiti"," 1994"," DHS","14.1 [9.1-21.3]","17.9 [13.1-23.9]","33.5 [25.1-43.0]","32.4 [24.6-41.4]","43.8 [33.8-54.3]","No data","No data","No data","No data","No data","No data","No data","No data","No data","No data"
"Honduras"," 2011"," DHS","62.7 [58.0-67.1]","62.2 [56.9-67.3]","59.5 [52.4-66.2]","57.1 [50.3-63.7]","51.8 [42.8-60.6]","61.8 [57.5-65.9]","60.9 [56.0-65.7]","60.9 [54.2-67.2]","59.7 [52.3-66.6]","57.8 [48.0-67.0]","61.1 [55.9-66.1]","60.2 [54.2-65.8]","67.0 [59.1-74.1]","65.3 [55.6-73.9]","72.6 [60.4-82.2]"
"Honduras"," 2005"," DHS","56.3 [51.3-61.1]","53.7 [48.3-59.0]","62.1 [55.2-68.6]","54.0 [45.9-61.8]","46.9 [36.2-57.8]","45.4 [41.3-49.5]","49.4 [44.5-54.4]","51.4 [46.0-56.7]","52.7 [43.9-61.4]","52.1 [38.8-65.2]","45.8 [40.0-51.8]","52.5 [45.7-59.2]","54.8 [46.9-62.5]","66.4 [57.9-73.9]","74.3 [61.5-84.0]"
"Honduras"," 2001"," RHS","41.2 [33.1-49.8]","30.0 [23.3-37.7]","28.1 [20.6-37.0]","14.8 [10.5-20.4]","15.7 [10.0-23.7]","47.1 [39.0-55.3]","48.1 [39.5-56.7]","44.2 [35.0-53.8]","38.5 [31.5-45.9]","45.3 [35.3-55.8]","33.8 [24.7-44.2]","44.3 [33.9-55.2]","55.0 [40.5-68.7]","58.7 [44.4-71.6]","64.6 [43.3-81.4]"
"Honduras"," 1996"," RHS","35.4 [27.4-44.5]","31.8 [23.6-41.2]","30.7 [21.5-41.7]","24.5 [16.3-35.0]","21.7 [10.8-39.0]","No data","No data","No data","No data","No data","No data","No data","No data","No data","No data"
"Honduras"," 1991"," RHS","38.2 [31.1-46.0]","36.2 [28.7-44.3]","33.9 [26.0-42.8]","31.7 [24.2-40.3]","19.3 [11.1-31.4]","No data","No data","No data","No data","No data","No data","No data","No data","No data","No data"
"India"," 2005"," DHS","19.0 [15.8-22.8]","19.4 [16.3-23.0]","25.5 [21.7-29.6]","31.1 [27.1-35.3]","43.0 [38.3-47.8]","28.9 [25.1-33.1]","29.4 [25.1-34.0]","30.5 [26.4-34.9]","34.9 [30.8-39.3]","44.7 [40.3-49.3]","60.5 [55.3-65.3]","66.5 [61.7-70.9]","69.7 [64.4-74.6]","76.5 [70.0-82.0]","80.2 [74.2-85.1]"
"India"," 1998"," DHS","20.4 [17.8-23.4]","22.6 [19.6-25.9]","28.5 [25.6-31.6]","32.3 [29.3-35.6]","35.0 [31.4-38.8]","17.5 [15.2-20.0]","20.2 [17.3-23.4]","21.9 [19.6-24.4]","24.9 [22.1-28.1]","30.8 [27.4-34.4]","No data","No data","No data","No data","No data"
"Indonesia"," 2012"," DHS","39.3 [35.0-43.8]","38.7 [33.2-44.4]","39.9 [33.5-46.6]","40.2 [33.5-47.2]","34.3 [26.8-42.7]","59.6 [55.0-64.1]","62.1 [56.3-67.6]","63.6 [56.9-69.8]","62.3 [55.9-68.2]","56.6 [47.9-64.9]","60.7 [53.3-67.6]","83.7 [76.6-88.9]","80.3 [71.4-86.9]","86.8 [78.1-92.4]","71.0 [56.2-82.3]"
"Indonesia"," 2007"," DHS","31.6 [27.5-36.0]","36.1 [29.9-42.8]","38.4 [31.5-45.8]","39.6 [31.1-48.8]","27.4 [20.1-36.1]","54.5 [49.7-59.1]","56.0 [49.0-62.9]","57.8 [50.7-64.6]","52.9 [44.9-60.8]","48.4 [38.2-58.8]","No data","No data","No data","No data","No data"
"Indonesia"," 2002"," DHS","42.0 [34.8-49.4]","33.3 [24.6-43.3]","31.3 [22.3-41.9]","39.3 [29.2-50.5]","30.3 [20.4-42.4]","57.5 [50.3-64.4]","47.2 [37.0-57.6]","59.2 [48.8-68.9]","57.0 [45.8-67.5]","61.8 [51.8-70.9]","No data","No data","No data","No data","No data"
"Indonesia"," 1997"," DHS","53.0 [46.0-59.8]","47.3 [38.3-56.4]","42.4 [34.2-51.0]","45.6 [37.4-54.0]","48.4 [38.2-58.8]","34.7 [28.5-41.3]","30.4 [24.2-37.4]","29.8 [22.4-38.5]","43.8 [35.4-52.6]","52.6 [41.6-63.4]","No data","No data","No data","No data","No data"
"Indonesia"," 1994"," DHS","No data","No data","No data","No data","No data","No data","No data","No data","No data","No data","No data","No data","No data","No data","No data"
"Iraq"," 2011"," MICS","19.0 [16.2-22.2]","24.1 [20.4-28.2]","23.5 [19.8-27.6]","26.7 [21.9-32.1]","21.5 [16.0-28.2]","21.8 [18.7-25.1]","26.0 [22.1-30.4]","26.6 [22.8-30.7]","31.2 [26.1-36.8]","24.5 [19.1-30.9]","70.0 [65.9-73.7]","74.4 [69.5-78.8]","74.9 [68.5-80.3]","79.0 [73.0-83.9]","77.7 [68.0-85.0]"
"Iraq"," 2006"," MICS","No data","No data","No data","No data","No data","No data","No data","No data","No data","No data","No data","No data","No data","No data","No data"
"Jamaica"," 2011"," MICS","No data","73.2 [52.0-87.3]","No data","No data","No data","No data","39.3 [17.8-65.9]","No data","No data","No data","No data","83.3 [54.3-95.4]","No data","No data","No data"
"Jamaica"," 2005"," MICS","No data","No data","No data","No data","No data","No data","No data","No data","No data","No data","No data","No data","No data","No data","No data"
"Jordan"," 2012"," DHS","22.1 [16.9-28.3]","20.6 [14.5-28.3]","21.2 [14.8-29.5]","15.6 [9.5-24.4]","21.3 [10.5-38.5]","38.1 [31.7-44.9]","30.2 [22.5-39.1]","32.5 [24.0-42.4]","29.1 [20.7-39.1]","46.3 [30.8-62.6]","79.9 [69.5-87.4]","74.3 [61.5-83.9]","83.5 [73.8-90.1]","71.9 [52.6-85.5]","73.5 [51.7-87.7]"
"Jordan"," 2007"," DHS","18.3 [14.2-23.3]","14.7 [10.1-21.0]","24.3 [16.8-33.8]","15.3 [8.5-25.9]","29.9 [19.1-43.5]","32.4 [26.5-39.0]","30.1 [24.0-37.0]","36.7 [28.6-45.7]","25.2 [15.9-37.5]","35.4 [24.8-47.5]","66.0 [49.3-79.4]","80.1 [65.9-89.4]","84.9 [67.5-93.8]","67.1 [37.0-87.6]","No data"
"Jordan"," 2002"," DHS","24.1 [16.9-33.0]","16.3 [11.7-22.1]","19.0 [12.7-27.3]","19.1 [11.0-31.1]","4.1 [1.3-12.5]","46.0 [38.9-53.4]","41.6 [33.6-50.1]","41.9 [34.0-50.2]","49.4 [37.6-61.3]","37.0 [23.5-52.8]","No data","No data","No data","No data","No data"
"Jordan"," 1997"," DHS","30.4 [24.8-36.6]","24.8 [19.7-30.7]","24.7 [19.0-31.5]","20.0 [14.3-27.3]","15.7 [10.1-23.5]","44.1 [36.3-52.2]","37.9 [32.0-44.2]","45.8 [38.6-53.2]","34.5 [27.2-42.5]","41.2 [31.6-51.4]","No data","No data","No data","No data","No data"
"Kazakhstan"," 2015"," MICS","No data","No data","No data","No data","No data","No data","No data","No data","No data","No data","No data","No data","No data","No data","No data"
"Kazakhstan"," 2010"," MICS","No data","No data","No data","No data","No data","No data","No data","No data","No data","No data","72.4 [50.5-87.0]","85.6 [64.0-95.2]","87.9 [72.0-95.3]","82.8 [60.6-93.8]","No data"
"Kazakhstan"," 2006"," MICS","No data","No data","No data","No data","No data","No data","No data","No data","No data","No data","No data","No data","No data","No data","No data"
"Kazakhstan"," 1999"," DHS","15.2 [7.4-28.9]","30.3 [16.3-49.1]","28.7 [17.5-43.3]","49.6 [22.8-76.7]","49.6 [30.3-69.1]","13.8 [4.7-34.2]","21.7 [10.3-40.1]","29.2 [12.8-53.8]","21.2 [3.7-65.2]","24.1 [10.5-46.2]","No data","No data","No data","No data","No data"
"Kazakhstan"," 1995"," DHS","35.1 [15.7-61.0]","No data","No data","16.3 [4.7-43.3]","No data","4.1 [1.1-14.4]","No data","No data","5.9 [1.5-20.6]","No data","No data","No data","No data","No data","No data"
"Kenya"," 2014"," DHS","52.1 [47.5-56.6]","53.3 [48.1-58.4]","55.3 [48.8-61.6]","55.0 [49.1-60.8]","54.5 [46.4-62.4]","39.2 [35.4-43.2]","43.2 [38.7-47.8]","44.6 [38.8-50.5]","49.9 [43.9-55.9]","54.5 [47.2-61.6]","62.6 [57.4-67.5]","66.7 [61.0-72.0]","64.9 [58.1-71.2]","63.4 [54.8-71.1]","73.5 [64.5-80.9]"
"Kenya"," 2008"," DHS","39.8 [32.6-47.4]","34.8 [24.4-46.8]","43.8 [35.0-52.9]","38.7 [27.8-50.8]","36.7 [22.4-53.8]","49.4 [41.8-57.1]","34.9 [23.3-48.5]","40.6 [31.2-50.7]","42.5 [29.6-56.5]","41.3 [28.0-56.0]","56.5 [42.7-69.4]","48.0 [32.7-63.7]","62.5 [43.9-78.1]","52.0 [35.0-68.6]","62.6 [35.4-83.6]"
"Kenya"," 2003"," DHS","29.7 [22.3-38.3]","26.6 [19.8-34.7]","26.4 [18.6-36.1]","27.7 [18.6-39.0]","35.7 [28.4-43.7]","30.4 [23.4-38.5]","30.8 [22.4-40.6]","36.2 [27.5-46.0]","30.6 [21.9-41.0]","39.9 [31.2-49.4]","No data","No data","No data","No data","No data"
"Kenya"," 1998"," DHS","36.4 [29.0-44.5]","30.6 [22.6-40.0]","43.5 [32.8-54.8]","36.7 [26.6-48.1]","39.5 [26.9-53.7]","38.3 [30.4-46.8]","44.9 [36.4-53.7]","35.4 [25.1-47.2]","50.6 [39.4-61.7]","50.7 [37.2-64.1]","No data","No data","No data","No data","No data"
"Kenya"," 1993"," DHS","28.5 [21.8-36.2]","33.3 [26.0-41.6]","27.2 [20.0-35.9]","37.4 [28.5-47.3]","32.1 [21.6-44.8]","No data","No data","No data","No data","No data","No data","No data","No data","No data","No data"
"Kyrgyzstan"," 2014"," MICS","32.9 [18.7-51.1]","39.1 [25.6-54.4]","26.8 [14.8-43.7]","26.3 [12.1-47.9]","37.6 [19.9-59.4]","77.4 [62.9-87.4]","49.9 [35.3-64.6]","62.5 [45.2-77.1]","75.9 [57.0-88.2]","85.5 [63.1-95.3]","No data","8.8 [2.8-24.2]","28.2 [13.3-50.1]","No data","No data"
"Kyrgyzstan"," 2012"," DHS","46.7 [29.6-64.6]","35.9 [21.9-52.8]","31.9 [19.4-47.7]","32.9 [19.0-50.5]","No data","61.5 [41.6-78.1]","65.4 [50.5-77.8]","68.7 [53.6-80.7]","54.8 [37.5-71.0]","No data","No data","No data","No data","No data","No data"
"Kyrgyzstan"," 2005"," MICS","11.4 [3.0-34.6]","No data","No data","No data","No data","26.1 [5.1-70.1]","No data","No data","No data","No data","74.5 [36.9-93.6]","59.8 [30.4-83.5]","64.5 [30.4-88.3]","33.0 [15.0-57.9]","76.1 [56.8-88.5]"
"Kyrgyzstan"," 1997"," DHS","48.2 [37.2-59.4]","37.1 [20.9-56.9]","38.6 [23.7-55.9]","31.0 [16.6-50.5]","42.6 [21.3-67.1]","10.9 [4.3-25.1]","25.9 [10.8-50.4]","17.2 [8.0-33.1]","12.6 [4.4-31.1]","15.2 [4.9-38.6]","No data","No data","No data","No data","No data"
"Lao People's Democratic Republic"," 2011"," MICS","35.0 [29.6-40.7]","36.8 [30.5-43.7]","51.5 [43.4-59.5]","55.6 [43.9-66.8]","69.3 [55.1-80.7]","54.6 [49.3-59.8]","51.7 [44.3-59.1]","65.9 [57.4-73.4]","62.3 [50.4-72.9]","69.7 [55.8-80.7]","42.1 [31.5-53.6]","48.7 [35.9-61.7]","63.6 [47.9-76.9]","69.7 [50.3-84.0]","85.5 [64.9-94.9]"
"Lao People's Democratic Republic"," 2006"," MICS","31.8 [24.0-40.8]","36.0 [26.3-47.0]","43.6 [33.1-54.7]","40.7 [28.8-53.9]","73.1 [52.9-86.8]","50.0 [42.4-57.6]","39.9 [30.9-49.5]","47.6 [36.5-58.9]","51.5 [37.9-64.8]","70.4 [50.6-84.7]","27.8 [16.0-43.8]","10.8 [4.5-23.9]","37.6 [23.5-54.1]","59.5 [37.7-78.1]","No data"
"Lesotho"," 2014"," DHS","60.9 [48.2-72.3]","55.4 [41.9-68.2]","54.1 [41.1-66.6]","47.2 [35.1-59.8]","44.8 [30.3-60.3]","50.7 [38.3-63.1]","58.7 [45.3-70.9]","63.6 [50.9-74.7]","74.2 [58.2-85.6]","63.5 [44.5-79.0]","59.9 [43.0-74.8]","66.5 [48.6-80.6]","63.4 [41.3-81.0]","No data","No data"
"Lesotho"," 2009"," DHS","50.7 [41.9-59.5]","45.2 [34.7-56.2]","51.9 [39.0-64.4]","55.0 [38.7-70.4]","56.7 [40.7-71.5]","48.6 [40.5-56.7]","41.9 [30.1-54.7]","54.0 [41.3-66.1]","41.9 [28.5-56.6]","52.4 [36.7-67.6]","57.9 [45.3-69.6]","73.8 [59.7-84.3]","64.1 [41.5-81.8]","74.5 [57.8-86.2]","No data"
"Lesotho"," 2004"," DHS","35.4 [26.6-45.3]","37.1 [28.2-47.0]","48.1 [34.0-62.6]","52.9 [38.5-66.7]","39.4 [23.1-58.4]","51.8 [43.7-59.8]","50.9 [41.5-60.3]","51.5 [39.7-63.0]","57.5 [42.5-71.1]","56.1 [40.0-71.0]","No data","No data","No data","No data","No data"
"Liberia"," 2013"," DHS","56.8 [51.5-61.9]","66.1 [59.7-72.1]","70.4 [62.3-77.3]","59.3 [51.6-66.6]","44.1 [30.4-58.7]","40.9 [34.2-48.0]","46.1 [39.7-52.7]","40.2 [33.3-47.5]","56.4 [47.4-65.0]","53.9 [40.1-67.2]","48.3 [39.3-57.3]","56.4 [45.0-67.2]","59.7 [43.1-74.3]","44.3 [23.0-67.8]","44.0 [27.1-62.3]"
"Liberia"," 2007"," DHS","40.8 [32.2-50.0]","51.1 [42.8-59.2]","58.3 [49.7-66.4]","56.4 [49.1-63.6]","64.0 [53.3-73.4]","40.0 [31.6-49.0]","40.9 [32.9-49.3]","51.7 [43.2-60.2]","52.6 [41.6-63.4]","55.9 [43.7-67.4]","58.5 [47.6-68.7]","45.8 [35.2-56.9]","72.1 [57.6-83.1]","62.4 [50.2-73.2]","89.0 [74.4-95.8]"
"Madagascar"," 2008"," DHS","12.0 [7.6-18.3]","13.8 [9.1-20.4]","14.9 [9.9-21.7]","18.3 [11.9-27.2]","29.0 [19.9-40.1]","46.0 [39.2-53.0]","39.5 [31.1-48.6]","46.5 [37.8-55.4]","55.1 [45.9-63.9]","65.2 [55.0-74.2]","32.5 [21.1-46.4]","29.2 [18.8-42.3]","39.4 [24.8-56.2]","51.5 [37.5-65.3]","68.0 [53.1-80.0]"
"Madagascar"," 2003"," DHS","6.2 [2.8-13.4]","13.7 [6.6-26.3]","8.0 [3.3-17.8]","27.8 [13.1-49.7]","20.5 [10.9-35.3]","41.9 [34.8-49.5]","41.0 [30.1-52.8]","49.8 [33.9-65.7]","50.4 [31.8-68.9]","63.8 [45.2-79.0]","No data","No data","No data","No data","No data"
"Madagascar"," 1997"," DHS","14.7 [10.0-21.2]","19.4 [13.1-27.7]","19.5 [13.2-27.9]","27.7 [21.8-34.4]","45.6 [32.9-58.8]","13.4 [9.7-18.2]","14.8 [9.7-22.0]","20.9 [14.9-28.5]","18.7 [13.3-25.7]","33.0 [26.1-40.6]","No data","No data","No data","No data","No data"
"Malawi"," 2015"," DHS","62.9 [58.1-67.4]","64.2 [59.9-68.3]","66.0 [61.2-70.5]","70.1 [65.4-74.5]","61.0 [54.2-67.4]","55.5 [51.4-59.6]","52.7 [48.7-56.7]","58.3 [53.8-62.7]","58.0 [53.3-62.5]","61.2 [53.6-68.2]","76.5 [69.1-82.5]","73.3 [65.0-80.2]","73.3 [64.3-80.7]","75.8 [66.1-83.4]","71.2 [58.5-81.2]"
"Malawi"," 2013"," MICS","59.5 [55.1-63.8]","65.0 [60.8-69.0]","65.6 [61.7-69.3]","62.8 [57.7-67.6]","66.9 [61.7-71.7]","47.9 [43.8-51.9]","45.4 [41.3-49.7]","53.3 [49.6-57.0]","49.0 [44.2-53.8]","46.8 [40.9-52.8]","60.9 [54.8-66.7]","69.2 [61.8-75.8]","73.1 [66.0-79.3]","69.9 [61.9-76.9]","71.0 [59.9-80.0]"
"Malawi"," 2010"," DHS","66.9 [63.0-70.7]","69.9 [65.2-74.2]","67.6 [63.1-71.8]","68.9 [64.1-73.4]","72.7 [65.7-78.7]","45.0 [40.5-49.7]","46.4 [42.1-50.7]","48.6 [43.8-53.4]","45.7 [40.2-51.3]","53.3 [47.0-59.5]","61.8 [53.9-69.1]","66.8 [59.6-73.3]","76.8 [68.8-83.2]","71.9 [61.9-80.1]","75.3 [66.2-82.5]"
"Malawi"," 2006"," MICS","52.0 [47.4-56.6]","51.4 [47.2-55.5]","54.3 [50.0-58.5]","59.3 [54.7-63.7]","62.3 [56.9-67.4]","23.7 [19.3-28.7]","25.1 [21.5-29.1]","23.8 [20.2-27.8]","28.9 [25.0-33.1]","33.5 [28.6-38.9]","50.9 [43.5-58.2]","43.9 [37.1-51.0]","56.9 [47.9-65.6]","44.7 [37.2-52.5]","65.0 [56.0-73.1]"
"Malawi"," 2004"," DHS","56.0 [50.4-61.4]","63.4 [58.7-67.7]","59.0 [53.2-64.6]","63.6 [57.1-69.6]","66.4 [60.0-72.2]","47.2 [41.5-52.9]","53.4 [49.2-57.6]","50.8 [45.3-56.3]","61.4 [55.3-67.1]","63.1 [55.4-70.2]","No data","No data","No data","No data","No data"
"Malawi"," 2000"," DHS","43.2 [37.7-48.9]","46.2 [40.3-52.2]","46.9 [41.3-52.5]","54.4 [47.7-61.0]","52.0 [46.2-57.8]","42.6 [36.8-48.6]","52.7 [47.4-58.0]","50.7 [44.2-57.1]","57.3 [51.1-63.2]","59.0 [50.7-66.8]","No data","No data","No data","No data","No data"
"Maldives"," 2009"," DHS","58.4 [41.2-73.7]","54.8 [40.0-68.8]","58.0 [38.9-74.9]","63.9 [32.9-86.5]","No data","77.7 [61.8-88.2]","52.4 [38.8-65.6]","65.7 [49.0-79.3]","54.8 [36.1-72.2]","No data","No data","No data","No data","No data","No data"
"Mali"," 2012"," DHS","21.5 [14.9-30.0]","39.6 [30.5-49.4]","32.8 [24.7-42.0]","44.6 [34.5-55.2]","43.8 [36.0-52.0]","22.4 [16.0-30.4]","37.6 [28.6-47.6]","35.3 [27.2-44.4]","37.6 [29.9-46.0]","37.7 [30.9-45.1]","18.4 [8.7-34.9]","20.3 [7.9-43.3]","23.3 [10.2-44.7]","41.0 [21.5-63.8]","40.4 [22.7-61.0]"
"Mali"," 2009"," MICS","18.2 [14.8-22.2]","21.4 [18.0-25.2]","20.3 [16.8-24.3]","25.3 [21.2-30.0]","25.2 [20.4-30.8]","28.2 [23.8-33.0]","33.4 [29.3-37.7]","29.0 [24.9-33.4]","37.7 [32.5-43.3]","36.3 [31.2-41.8]","21.1 [15.1-28.6]","36.0 [28.9-43.7]","29.1 [19.7-40.8]","40.5 [32.2-49.4]","57.8 [48.0-67.0]"
"Mali"," 2006"," DHS","8.3 [4.8-14.0]","11.0 [8.1-14.8]","14.0 [9.7-19.9]","14.8 [8.5-24.7]","29.4 [21.9-38.2]","31.9 [24.3-40.5]","36.4 [31.4-41.7]","40.2 [33.0-47.9]","35.5 [26.4-45.8]","50.8 [39.6-61.9]","No data","No data","No data","No data","No data"
"Mali"," 2001"," DHS","10.4 [7.4-14.5]","6.6 [4.5-9.6]","6.1 [4.1-9.0]","13.8 [9.9-18.9]","32.3 [26.9-38.3]","42.8 [37.2-48.5]","44.6 [38.4-51.0]","42.1 [36.5-47.8]","43.0 [37.1-49.0]","60.7 [53.7-67.3]","No data","No data","No data","No data","No data"
"Mali"," 1995"," DHS","9.0 [5.4-14.7]","12.2 [8.6-17.0]","13.1 [9.2-18.2]","17.9 [13.3-23.7]","36.9 [27.8-47.0]","21.0 [16.1-26.9]","21.4 [17.0-26.7]","22.3 [17.6-27.7]","32.0 [26.2-38.5]","48.1 [37.9-58.4]","No data","No data","No data","No data","No data"
"Mauritania"," 2011"," MICS","42.9 [36.7-49.3]","47.8 [41.7-53.9]","50.2 [43.6-56.7]","49.8 [43.5-56.0]","54.9 [47.9-61.8]","33.8 [28.4-39.7]","36.7 [31.3-42.5]","42.5 [35.9-49.4]","45.2 [38.6-52.0]","45.7 [38.9-52.7]","24.7 [13.9-40.0]","36.4 [25.3-49.3]","46.8 [34.0-60.1]","66.3 [51.5-78.4]","50.9 [34.4-67.3]"
"Mauritania"," 2007"," MICS","10.4 [7.4-14.5]","15.9 [12.3-20.2]","23.2 [18.6-28.5]","26.1 [20.5-32.6]","33.5 [26.8-41.0]","25.0 [21.2-29.2]","25.0 [20.7-29.9]","37.2 [30.7-44.2]","41.7 [35.0-48.8]","37.1 [30.5-44.3]","32.7 [25.7-40.5]","33.1 [23.3-44.5]","35.9 [25.5-47.8]","54.8 [44.3-64.9]","63.5 [52.6-73.2]"
"Mexico"," 2015"," MICS","65.5 [58.2-72.2]","52.1 [35.8-68.0]","61.4 [44.8-75.6]","68.2 [49.8-82.2]","64.5 [45.0-80.2]","77.1 [70.0-83.0]","83.9 [71.1-91.7]","77.3 [66.8-85.3]","84.3 [74.0-91.0]","79.6 [56.3-92.2]","69.3 [56.0-80.0]","68.1 [53.2-80.0]","60.0 [38.1-78.5]","92.1 [75.1-97.8]","No data"
"Mongolia"," 2013"," MICS","34.6 [26.6-43.5]","39.3 [30.4-49.0]","51.4 [40.3-62.3]","45.3 [34.0-57.2]","43.4 [31.0-56.5]","79.7 [72.3-85.6]","79.8 [70.6-86.6]","80.5 [71.0-87.4]","86.2 [75.7-92.6]","89.8 [79.6-95.2]","50.1 [35.4-64.7]","62.0 [47.4-74.6]","78.3 [63.4-88.2]","78.4 [60.7-89.5]","80.3 [67.6-88.8]"
"Mongolia"," 2010"," MICS","24.0 [17.2-32.3]","24.6 [17.0-34.3]","34.9 [24.0-47.8]","22.2 [13.8-33.6]","50.4 [36.4-64.4]","51.0 [41.9-60.0]","51.5 [40.6-62.1]","58.3 [45.6-70.1]","56.5 [41.7-70.3]","66.2 [51.4-78.4]","No data","No data","No data","No data","No data"
"Mongolia"," 2005"," MICS","33.8 [23.4-46.1]","31.5 [21.7-43.4]","44.4 [31.5-58.1]","36.8 [21.5-55.3]","51.7 [34.9-68.1]","47.1 [34.5-60.1]","39.8 [25.7-55.9]","50.9 [37.4-64.3]","43.6 [27.7-60.9]","55.0 [36.9-71.8]","47.0 [36.0-58.3]","63.0 [50.0-74.4]","70.5 [57.8-80.6]","76.8 [59.5-88.1]","63.9 [50.7-75.3]"
"Montenegro"," 2013"," MICS","No data","No data","No data","No data","No data","No data","No data","No data","No data","No data","No data","No data","No data","No data","No data"
"Montenegro"," 2005"," MICS","No data","No data","No data","No data","No data","No data","No data","No data","No data","No data","No data","No data","No data","No data","No data"
"Morocco"," 2003"," DHS","18.2 [13.1-24.8]","18.4 [13.3-24.8]","30.4 [21.3-41.4]","24.1 [15.9-34.7]","24.9 [15.7-37.1]","37.0 [29.5-45.2]","49.9 [42.4-57.3]","45.4 [36.8-54.3]","50.9 [39.4-62.4]","49.8 [38.6-60.9]","No data","No data","No data","No data","No data"
"Mozambique"," 2011"," DHS","40.8 [32.1-50.3]","45.0 [36.2-54.2]","62.2 [53.6-70.0]","63.8 [54.0-72.5]","69.6 [61.7-76.5]","45.2 [36.6-54.1]","50.6 [42.2-58.9]","60.0 [51.9-67.6]","61.3 [51.9-70.0]","66.7 [58.7-73.7]","44.1 [25.0-65.2]","39.4 [20.6-62.0]","No data","51.4 [34.4-68.1]","66.8 [49.3-80.6]"
"Mozambique"," 2008"," MICS","39.7 [33.3-46.5]","42.2 [35.9-48.8]","47.1 [40.6-53.7]","51.7 [45.9-57.5]","50.2 [43.5-56.9]","41.4 [35.0-48.1]","45.3 [38.1-52.7]","47.4 [40.2-54.7]","48.9 [42.2-55.6]","54.8 [48.5-61.0]","56.7 [39.8-72.2]","66.3 [54.7-76.2]","70.9 [57.6-81.3]","59.0 [48.0-69.1]","69.6 [56.3-80.3]"
"Mozambique"," 2003"," DHS","35.3 [27.7-43.7]","38.9 [30.4-48.0]","51.1 [42.1-60.0]","65.6 [57.6-72.7]","60.5 [51.8-68.6]","40.1 [31.9-48.9]","42.4 [33.5-51.8]","46.4 [38.4-54.6]","47.9 [38.8-57.1]","60.2 [52.0-67.9]","No data","No data","No data","No data","No data"
"Mozambique"," 1997"," DHS","28.7 [19.6-39.8]","33.3 [20.9-48.5]","34.4 [18.5-54.7]","47.2 [26.0-69.4]","74.2 [62.4-83.3]","22.9 [12.5-38.0]","28.3 [18.4-41.0]","40.4 [23.4-60.0]","33.6 [19.0-52.1]","42.0 [30.4-54.6]","No data","No data","No data","No data","No data"
"Myanmar"," 2015"," DHS","62.5 [53.1-71.0]","61.2 [49.8-71.5]","56.6 [41.7-70.4]","66.8 [52.8-78.3]","63.1 [45.1-78.1]","54.4 [44.8-63.7]","55.5 [44.8-65.6]","48.6 [34.3-63.2]","60.8 [47.1-73.0]","66.4 [48.9-80.3]","46.1 [32.0-60.8]","62.4 [44.4-77.5]","58.8 [37.2-77.6]","71.4 [52.2-85.1]","No data"
"Namibia"," 2013"," DHS","64.2 [56.1-71.6]","75.4 [67.3-82.0]","73.2 [64.6-80.4]","77.9 [68.5-85.1]","69.7 [51.7-83.2]","50.3 [42.3-58.3]","54.4 [45.8-62.8]","50.4 [42.1-58.6]","57.0 [47.1-66.5]","45.7 [31.2-60.9]","57.7 [45.8-68.8]","73.3 [58.7-84.2]","74.3 [59.8-84.9]","61.1 [44.4-75.6]","73.1 [46.4-89.5]"
"Namibia"," 2006"," DHS","49.9 [41.3-58.6]","68.2 [56.0-78.3]","72.7 [63.4-80.3]","66.2 [55.7-75.3]","58.5 [45.2-70.7]","32.1 [24.8-40.4]","54.6 [44.2-64.5]","48.2 [38.9-57.5]","60.7 [50.6-69.9]","47.0 [34.0-60.4]","64.5 [51.0-76.0]","67.1 [52.1-79.2]","75.9 [61.4-86.3]","80.8 [60.3-92.1]","No data"
"Namibia"," 2000"," DHS","51.3 [39.6-62.9]","61.5 [46.3-74.7]","58.6 [43.2-72.5]","64.4 [53.0-74.4]","72.5 [52.8-86.1]","30.8 [23.5-39.1]","31.6 [20.4-45.5]","41.0 [28.0-55.3]","42.1 [32.4-52.4]","51.0 [37.8-64.1]","No data","No data","No data","No data","No data"
"Nepal"," 2014"," MICS","49.4 [39.8-59.1]","39.7 [30.0-50.3]","35.1 [24.2-47.9]","47.5 [37.2-58.0]","48.4 [33.2-63.9]","48.4 [39.1-57.8]","42.3 [32.5-52.8]","32.5 [22.1-44.9]","53.6 [43.2-63.7]","58.3 [45.1-70.5]","40.3 [28.1-53.8]","54.0 [35.2-71.7]","44.4 [31.1-58.5]","54.9 [39.1-69.7]","67.0 [49.6-80.8]"
"Nepal"," 2011"," DHS","39.3 [29.8-49.8]","40.3 [31.8-49.4]","35.0 [25.6-45.6]","45.8 [34.1-57.9]","35.7 [24.6-48.5]","46.5 [36.7-56.5]","45.6 [36.9-54.6]","38.0 [27.4-49.9]","56.4 [44.7-67.5]","54.1 [38.2-69.2]","34.9 [21.9-50.7]","45.0 [28.0-63.3]","54.0 [37.6-69.6]","59.1 [42.6-73.8]","75.0 [52.1-89.2]"
"Nepal"," 2010"," MICS","51.1 [38.7-63.4]","55.1 [41.1-68.4]","67.5 [54.8-78.0]","77.1 [62.4-87.2]","42.4 [23.7-63.6]","47.8 [35.7-60.2]","57.3 [45.1-68.7]","57.2 [45.0-68.6]","65.6 [48.3-79.6]","52.8 [31.7-73.0]","45.5 [30.0-61.9]","52.7 [36.8-68.0]","49.9 [33.6-66.2]","58.2 [40.2-74.3]","50.8 [29.4-71.9]"
"Nepal"," 2006"," DHS","17.9 [11.5-26.9]","29.3 [19.4-41.6]","29.9 [20.0-42.2]","38.3 [27.5-50.5]","39.6 [26.3-54.6]","25.3 [18.3-33.9]","35.5 [25.2-47.4]","33.7 [23.5-45.7]","43.0 [31.5-55.4]","56.8 [41.5-70.8]","36.0 [23.3-51.0]","36.3 [23.0-52.1]","43.5 [28.4-59.8]","49.9 [34.6-65.2]","54.0 [37.3-69.9]"
"Nepal"," 2001"," DHS","26.6 [21.6-32.4]","26.8 [20.6-34.0]","32.3 [26.3-39.0]","38.1 [31.1-45.7]","47.7 [38.2-57.3]","37.8 [32.0-43.9]","38.4 [31.3-46.1]","40.7 [33.8-48.1]","48.2 [41.1-55.4]","58.0 [48.1-67.4]","No data","No data","No data","No data","No data"
"Nepal"," 1996"," DHS","21.0 [16.2-26.7]","23.8 [18.0-30.7]","29.5 [22.2-38.1]","22.6 [17.7-28.5]","42.8 [35.2-50.9]","11.2 [7.7-16.0]","12.4 [8.6-17.5]","16.0 [11.8-21.3]","18.4 [13.6-24.3]","20.1 [13.0-29.8]","No data","No data","No data","No data","No data"
"Nicaragua"," 2006"," RHS","52.6 [44.8-60.2]","55.3 [44.1-66.0]","66.9 [56.8-75.7]","58.6 [39.6-75.4]","64.1 [44.2-80.1]","28.4 [22.9-34.7]","21.4 [14.6-30.3]","35.2 [27.1-44.4]","20.1 [12.1-31.6]","56.1 [36.8-73.8]","No data","No data","No data","No data","No data"
"Nicaragua"," 2001"," DHS","47.7 [41.8-53.6]","52.1 [44.5-59.5]","51.4 [42.3-60.5]","53.2 [41.0-65.0]","44.7 [30.8-59.5]","43.9 [37.8-50.2]","51.1 [44.5-57.7]","47.2 [36.7-58.0]","47.8 [35.8-60.0]","63.2 [48.8-75.6]","No data","No data","No data","No data","No data"
"Nicaragua"," 1997"," DHS","56.8 [50.7-62.8]","60.3 [53.6-66.7]","50.6 [43.3-57.9]","53.5 [43.7-63.0]","56.3 [42.8-68.9]","33.5 [27.8-39.7]","29.9 [23.7-36.8]","32.4 [25.7-40.0]","41.7 [32.6-51.5]","24.0 [13.9-38.0]","No data","No data","No data","No data","No data"
"Nicaragua"," 1992"," RHS","43.4 [32.2-55.4]","42.0 [31.9-52.7]","60.4 [51.7-68.5]","63.3 [48.4-76.0]","62.8 [37.3-82.7]","62.1 [53.2-70.2]","62.9 [52.9-71.9]","59.2 [50.5-67.4]","46.8 [33.1-61.0]","65.2 [46.2-80.4]","No data","No data","No data","No data","No data"
"Niger"," 2012"," DHS","34.1 [27.2-41.8]","44.5 [36.9-52.3]","45.2 [38.0-52.6]","47.5 [40.6-54.4]","49.3 [43.0-55.6]","33.3 [26.2-41.2]","42.1 [33.8-50.8]","44.1 [37.0-51.4]","46.8 [40.6-53.2]","47.6 [41.4-53.9]","46.5 [34.7-58.7]","51.3 [38.6-63.8]","45.1 [32.3-58.6]","53.4 [42.2-64.2]","71.8 [61.3-80.4]"
"Niger"," 2006"," DHS","13.9 [10.4-18.3]","14.3 [10.6-18.9]","14.4 [9.6-21.2]","17.4 [12.3-23.9]","31.8 [26.8-37.3]","30.9 [25.6-36.8]","31.0 [25.6-37.0]","34.1 [27.9-40.9]","29.8 [24.1-36.2]","45.9 [38.8-53.1]","No data","No data","No data","No data","No data"
"Niger"," 1998"," DHS","13.6 [9.8-18.7]","14.9 [11.1-19.8]","12.2 [9.2-16.1]","25.5 [20.6-31.2]","36.6 [31.0-42.7]","22.5 [17.7-28.2]","27.7 [23.4-32.4]","26.1 [21.0-32.0]","24.5 [19.3-30.6]","35.6 [30.5-41.1]","No data","No data","No data","No data","No data"
"Nigeria"," 2013"," DHS","20.4 [16.5-25.1]","30.3 [26.6-34.4]","38.4 [33.2-43.8]","42.8 [36.3-49.6]","53.0 [46.2-59.7]","16.4 [13.4-19.9]","25.9 [22.5-29.6]","34.7 [29.0-40.8]","37.5 [31.2-44.3]","47.2 [40.6-53.9]","26.8 [20.4-34.4]","27.7 [21.1-35.6]","40.7 [30.9-51.3]","36.9 [26.2-49.1]","63.7 [40.4-82.0]"
"Nigeria"," 2011"," MICS","12.0 [9.9-14.4]","20.7 [17.5-24.4]","35.1 [26.8-44.4]","37.7 [31.3-44.6]","56.3 [46.5-65.7]","21.5 [18.8-24.6]","26.4 [22.2-31.1]","32.2 [25.3-39.9]","33.7 [27.5-40.4]","38.3 [29.6-47.8]","27.8 [21.2-35.5]","33.9 [25.1-43.9]","47.2 [38.4-56.1]","45.0 [32.1-58.6]","74.5 [57.8-86.2]"
"Nigeria"," 2008"," DHS","15.3 [12.1-19.2]","20.2 [16.7-24.3]","31.8 [27.4-36.6]","35.6 [29.3-42.5]","53.0 [43.3-62.4]","16.8 [13.6-20.4]","20.8 [17.0-25.1]","31.3 [26.6-36.4]","34.1 [27.8-41.1]","41.2 [32.1-50.9]","31.9 [25.2-39.5]","40.3 [32.4-48.8]","55.6 [42.7-67.9]","60.7 [47.3-72.7]","66.3 [51.4-78.6]"
"Nigeria"," 2007"," MICS","10.2 [6.9-14.8]","16.0 [12.0-20.9]","22.7 [17.5-28.8]","29.5 [22.9-37.0]","42.5 [34.1-51.4]","12.0 [8.6-16.6]","12.8 [9.5-17.1]","19.4 [14.8-25.1]","17.9 [12.9-24.4]","26.9 [19.1-36.4]","25.5 [12.1-46.0]","39.6 [25.8-55.4]","42.6 [27.8-58.9]","39.2 [24.8-55.8]","52.9 [37.3-67.9]"
"Nigeria"," 2003"," DHS","12.6 [9.1-17.2]","14.8 [9.9-21.6]","18.5 [11.5-28.5]","21.1 [15.2-28.5]","37.7 [24.9-52.4]","15.7 [11.3-21.3]","23.4 [17.0-31.3]","33.3 [23.1-45.4]","31.8 [24.9-39.7]","52.8 [38.1-67.1]","No data","No data","No data","No data","No data"
"Nigeria"," 1999"," DHS","No data","No data","No data","No data","No data","No data","No data","No data","No data","No data","No data","No data","No data","No data","No data"
"Pakistan"," 2012"," DHS","33.6 [26.7-41.3]","32.3 [27.5-37.5]","42.2 [35.2-49.6]","39.0 [32.0-46.5]","48.2 [40.7-55.8]","32.1 [25.9-39.1]","25.7 [21.5-30.5]","39.2 [32.7-46.2]","41.8 [35.1-48.7]","45.0 [36.1-54.2]","56.6 [45.7-66.8]","57.7 [49.6-65.3]","60.3 [52.6-67.6]","74.4 [66.6-80.8]","78.8 [66.5-87.5]"
"Pakistan"," 2006"," DHS","41.0 [35.4-46.8]","38.7 [33.9-43.7]","43.4 [37.4-49.7]","39.3 [32.6-46.4]","43.8 [36.3-51.5]","31.8 [26.6-37.5]","36.0 [31.0-41.3]","34.4 [28.6-40.7]","39.1 [32.8-45.7]","44.5 [37.0-52.3]","58.0 [49.8-65.8]","64.4 [57.2-71.0]","66.2 [57.1-74.2]","77.6 [70.4-83.5]","85.7 [78.3-90.8]"
"Panama"," 2013"," MICS","45.7 [38.5-53.1]","58.8 [43.5-72.6]","45.8 [30.4-62.0]","80.0 [62.8-90.5]","50.2 [27.0-73.3]","42.6 [36.4-49.0]","57.3 [42.0-71.4]","42.0 [27.1-58.6]","75.0 [47.5-90.9]","75.2 [45.9-91.6]","55.6 [40.8-69.5]","94.1 [85.9-97.7]","No data","98.8 [90.9-99.8]","No data"
"Paraguay"," 2008"," RHS","29.8 [18.2-44.8]","41.7 [24.1-61.7]","34.4 [18.0-55.7]","60.0 [38.0-78.6]","No data","46.6 [34.6-59.0]","45.2 [28.5-63.1]","54.3 [31.6-75.4]","52.4 [29.2-74.7]","No data","79.8 [47.0-94.6]","No data","No data","No data","No data"
"Paraguay"," 2004"," RHS","No data","No data","No data","No data","No data","No data","No data","No data","No data","No data","No data","No data","No data","No data","No data"
"Paraguay"," 1998"," RHS","No data","No data","No data","No data","No data","No data","No data","No data","No data","No data","No data","No data","No data","No data","No data"
"Paraguay"," 1995"," RHS","15.9 [11.5-21.7]","10.8 [6.5-17.4]","26.1 [16.7-38.3]","34.3 [22.5-48.4]","42.9 [22.0-66.7]","63.0 [48.9-75.1]","68.8 [56.0-79.3]","76.4 [62.3-86.4]","81.7 [68.4-90.2]","85.6 [53.6-96.8]","No data","No data","No data","No data","No data"
"Peru"," 2012"," DHS","22.9 [18.5-27.9]","30.6 [24.5-37.4]","36.6 [29.1-44.8]","34.8 [24.7-46.5]","32.8 [20.5-48.0]","57.2 [51.2-63.0]","59.4 [52.6-65.8]","67.8 [59.6-75.1]","72.0 [59.9-81.6]","67.8 [52.1-80.3]","64.3 [55.0-72.7]","63.1 [53.6-71.7]","70.0 [54.9-81.8]","74.4 [59.4-85.2]","68.4 [39.7-87.7]"
"Peru"," 2011"," DHS","17.4 [13.9-21.7]","29.4 [23.0-36.7]","34.0 [25.5-43.7]","38.0 [27.5-49.7]","49.3 [32.1-66.7]","53.4 [48.1-58.7]","69.3 [63.1-74.8]","67.5 [59.4-74.6]","65.0 [53.2-75.2]","77.1 [60.3-88.2]","66.3 [58.4-73.3]","63.0 [53.2-71.8]","66.1 [51.8-77.9]","74.6 [56.8-86.8]","76.6 [52.4-90.6]"
"Peru"," 2010"," DHS","26.8 [21.7-32.5]","29.0 [23.7-34.9]","34.8 [26.9-43.5]","37.7 [28.3-48.2]","41.9 [27.8-57.5]","58.5 [52.6-64.2]","64.1 [57.9-69.9]","65.4 [57.4-72.5]","68.1 [58.6-76.4]","71.9 [53.4-85.2]","65.7 [57.6-73.1]","69.1 [58.4-78.0]","70.6 [58.6-80.3]","64.0 [46.7-78.3]","74.3 [54.6-87.4]"
"Peru"," 2009"," DHS","20.4 [14.5-27.9]","24.0 [19.5-29.1]","33.0 [26.9-39.7]","41.8 [30.5-54.1]","61.2 [47.3-73.5]","49.1 [42.6-55.7]","57.3 [51.1-63.3]","61.7 [54.7-68.2]","64.5 [51.9-75.3]","66.2 [51.2-78.4]","72.0 [65.7-77.4]","77.7 [69.7-84.0]","62.5 [50.6-73.1]","75.6 [57.7-87.6]","74.3 [56.2-86.7]"
"Peru"," 2008"," DHS","22.3 [15.5-31.0]","20.4 [15.0-27.0]","37.8 [29.6-46.8]","34.8 [22.0-50.2]","46.1 [30.3-62.6]","50.4 [40.6-60.2]","56.0 [48.9-62.7]","56.7 [48.1-64.8]","72.1 [60.1-81.6]","65.0 [47.7-79.1]","74.3 [64.3-82.2]","68.8 [58.8-77.3]","65.8 [53.2-76.5]","74.9 [58.4-86.4]","84.5 [69.2-93.0]"
"Peru"," 2007"," DHS","12.3 [6.4-22.1]","25.0 [17.4-34.4]","18.4 [10.4-30.5]","37.1 [19.9-58.3]","No data","46.5 [33.9-59.5]","58.0 [46.5-68.7]","64.3 [55.4-72.2]","44.2 [25.3-64.9]","No data","73.2 [59.8-83.4]","70.9 [62.2-78.3]","59.8 [42.2-75.2]","63.1 [39.2-82.0]","No data"
"Peru"," 2006"," DHS","17.4 [11.3-25.8]","18.2 [11.0-28.5]","30.3 [17.2-47.7]","21.5 [10.2-39.6]","No data","46.5 [37.9-55.4]","52.1 [39.1-64.8]","78.1 [68.6-85.3]","64.4 [44.4-80.4]","No data","71.1 [54.1-83.7]","65.2 [49.7-78.0]","63.1 [41.2-80.7]","85.5 [70.8-93.4]","No data"
"Peru"," 2005"," DHS","13.6 [8.1-22.1]","17.7 [11.7-25.8]","29.5 [17.8-44.7]","36.0 [19.0-57.4]","32.9 [14.7-58.4]","55.1 [45.2-64.6]","56.5 [45.9-66.6]","67.9 [48.8-82.5]","68.0 [46.6-83.8]","74.8 [51.2-89.4]","No data","No data","No data","No data","No data"
"Peru"," 2004"," DHS","22.7 [14.3-34.0]","22.4 [13.2-35.4]","23.5 [15.0-34.9]","30.2 [16.8-48.2]","55.3 [31.0-77.3]","48.0 [35.5-60.7]","52.7 [42.2-63.0]","52.1 [37.6-66.3]","69.0 [50.7-82.8]","76.1 [51.7-90.4]","No data","No data","No data","No data","No data"
"Peru"," 2000"," DHS","23.2 [19.8-26.9]","18.3 [14.9-22.3]","25.3 [20.7-30.5]","19.6 [13.2-28.0]","23.8 [14.2-37.0]","44.9 [41.0-48.7]","44.1 [39.5-48.9]","51.0 [45.4-56.5]","41.1 [33.1-49.5]","54.8 [40.4-68.4]","No data","No data","No data","No data","No data"
"Peru"," 1996"," DHS","26.6 [23.4-30.1]","28.5 [24.4-32.9]","23.1 [19.5-27.3]","28.3 [22.2-35.4]","17.0 [10.8-25.8]","25.9 [23.1-28.9]","30.3 [26.7-34.1]","35.7 [30.9-40.8]","37.8 [31.6-44.5]","36.8 [27.1-47.6]","No data","No data","No data","No data","No data"
"Philippines"," 2013"," DHS","44.2 [37.1-51.5]","46.5 [37.1-56.2]","58.4 [48.5-67.7]","48.5 [36.7-60.5]","49.8 [35.7-64.0]","51.5 [44.1-58.8]","55.1 [45.9-64.0]","55.5 [45.6-64.9]","50.2 [37.7-62.7]","45.9 [31.8-60.6]","56.2 [46.0-65.9]","55.1 [44.0-65.7]","68.7 [57.3-78.2]","71.5 [57.5-82.3]","82.8 [62.8-93.2]"
"Philippines"," 2008"," DHS","37.3 [30.3-44.8]","42.2 [34.0-51.0]","55.5 [44.6-65.8]","57.1 [43.2-70.0]","54.7 [39.7-68.8]","58.5 [49.8-66.7]","57.0 [48.1-65.6]","58.0 [46.1-69.1]","64.4 [51.4-75.5]","65.0 [49.2-78.1]","41.6 [32.9-50.9]","52.1 [39.2-64.7]","50.8 [36.0-65.4]","59.1 [41.3-74.8]","64.4 [43.7-80.8]"
"Philippines"," 2003"," DHS","30.6 [24.6-37.3]","42.2 [34.2-50.7]","49.0 [38.7-59.3]","52.4 [41.3-63.3]","50.6 [38.7-62.5]","69.6 [62.6-75.8]","76.7 [70.0-82.4]","80.1 [70.1-87.4]","76.9 [67.1-84.4]","82.8 [72.5-89.8]","No data","No data","No data","No data","No data"
"Philippines"," 1998"," DHS","44.4 [36.7-52.4]","36.8 [28.3-46.3]","52.9 [43.6-62.0]","47.7 [35.1-60.6]","28.8 [16.0-46.2]","40.6 [32.8-49.0]","32.1 [24.9-40.2]","38.0 [27.9-49.3]","43.9 [31.4-57.3]","26.2 [12.8-46.1]","No data","No data","No data","No data","No data"
"Philippines"," 1993"," DHS","25.6 [20.7-31.1]","31.3 [24.9-38.5]","30.4 [23.1-38.9]","23.6 [16.9-31.9]","19.0 [11.7-29.3]","No data","No data","No data","No data","No data","No data","No data","No data","No data","No data"
"Republic of Moldova"," 2012"," MICS","No data","No data","40.1 [22.5-60.7]","No data","28.6 [17.4-43.2]","No data","No data","43.6 [24.4-65.0]","No data","56.7 [42.8-69.6]","No data","No data","No data","No data","No data"
"Republic of Moldova"," 2005"," DHS","No data","No data","No data","28.0 [14.2-47.8]","34.9 [21.1-51.8]","No data","No data","No data","37.0 [20.2-57.7]","50.8 [36.0-65.5]","No data","No data","No data","No data","No data"
"Republic of Moldova"," 1997"," RHS","No data","No data","No data","No data","No data","No data","No data","No data","No data","No data","No data","No data","No data","No data","No data"
"Rwanda"," 2014"," DHS","21.7 [16.9-27.4]","28.9 [22.9-35.7]","26.3 [19.6-34.4]","30.4 [22.9-39.1]","36.7 [27.7-46.7]","18.5 [13.7-24.6]","17.6 [12.6-24.0]","20.1 [14.7-27.0]","23.0 [16.4-31.3]","20.3 [13.1-30.2]","44.8 [35.4-54.6]","55.1 [45.3-64.6]","57.5 [46.4-68.0]","54.9 [40.9-68.3]","64.7 [51.4-76.1]"
"Rwanda"," 2010"," DHS","21.9 [17.5-27.1]","30.4 [24.7-36.6]","32.0 [25.7-39.0]","29.6 [23.3-36.9]","37.0 [29.6-45.2]","21.8 [17.2-27.3]","21.0 [16.2-26.9]","20.4 [15.2-26.8]","18.1 [12.6-25.2]","22.0 [15.7-29.9]","40.3 [29.4-52.2]","49.6 [36.0-63.3]","48.7 [35.1-62.5]","46.6 [30.7-63.1]","74.8 [57.3-86.8]"
"Rwanda"," 2005"," DHS","10.6 [7.2-15.4]","6.6 [3.9-11.0]","10.2 [6.7-15.2]","14.3 [9.9-20.0]","18.1 [12.7-25.0]","20.7 [15.7-26.8]","17.5 [12.6-23.9]","22.7 [17.1-29.6]","28.9 [22.4-36.3]","30.7 [23.0-39.6]","No data","No data","No data","No data","No data"
"Rwanda"," 2000"," DHS","10.5 [7.8-14.0]","11.0 [6.3-18.4]","14.4 [9.8-20.6]","17.5 [12.0-24.8]","19.4 [14.0-26.3]","17.6 [14.0-21.8]","18.7 [12.5-27.1]","18.1 [12.9-24.8]","23.2 [17.5-30.0]","29.0 [22.3-36.7]","No data","No data","No data","No data","No data"
"Saint Lucia"," 2012"," MICS","No data","No data","No data","No data","No data","No data","No data","No data","No data","No data","No data","No data","No data","No data","No data"
"Sao Tome and Principe"," 2014"," MICS","50.8 [39.3-62.2]","49.5 [38.0-61.0]","47.6 [34.8-60.8]","48.7 [37.9-59.7]","47.6 [26.8-69.3]","63.7 [52.0-74.0]","69.2 [58.4-78.2]","50.9 [35.5-66.1]","56.3 [43.5-68.3]","62.7 [40.2-80.8]","52.9 [37.5-67.7]","62.6 [42.0-79.5]","88.4 [72.7-95.6]","72.2 [47.5-88.2]","No data"
"Sao Tome and Principe"," 2008"," DHS","61.5 [46.7-74.5]","46.2 [27.7-65.8]","37.6 [21.8-56.7]","45.3 [27.3-64.7]","58.3 [41.0-73.7]","63.0 [44.0-78.6]","64.3 [47.0-78.5]","62.6 [44.1-77.9]","54.7 [35.9-72.3]","73.6 [53.9-86.9]","86.2 [71.2-94.1]","60.6 [40.7-77.5]","No data","67.9 [43.3-85.5]","No data"
"Senegal"," 2015"," DHS","28.1 [23.9-32.8]","33.1 [26.3-40.6]","34.6 [27.8-42.1]","37.3 [28.4-47.2]","23.3 [13.5-37.3]","56.9 [51.7-62.0]","56.1 [49.5-62.5]","57.2 [49.1-64.8]","63.0 [53.4-71.6]","48.2 [33.6-63.2]","40.2 [29.9-51.5]","55.5 [40.5-69.5]","46.2 [26.6-67.1]","44.5 [24.2-66.8]","No data"
"Senegal"," 2014"," DHS","24.0 [19.0-29.8]","26.2 [20.3-33.2]","21.2 [16.4-26.8]","16.8 [10.9-25.0]","23.6 [12.4-40.3]","52.8 [46.2-59.3]","50.3 [44.3-56.3]","46.9 [39.2-54.8]","37.5 [25.9-50.7]","53.6 [44.1-62.8]","48.0 [30.4-66.1]","38.8 [22.9-57.5]","No data","51.3 [29.7-72.5]","No data"
"Senegal"," 2012"," DHS","13.3 [9.2-18.8]","17.5 [13.2-22.8]","17.5 [11.5-25.8]","16.6 [10.4-25.4]","24.6 [14.8-37.8]","40.4 [33.2-48.1]","52.0 [46.2-57.8]","51.0 [40.6-61.3]","49.6 [41.8-57.5]","49.4 [32.1-66.8]","37.0 [23.2-53.5]","42.3 [27.1-59.1]","40.0 [22.2-60.9]","71.9 [51.8-85.9]","64.2 [43.4-80.8]"
"Senegal"," 2010"," DHS","20.5 [16.7-24.9]","19.4 [15.6-23.9]","21.4 [17.1-26.5]","21.9 [16.9-28.0]","30.7 [22.2-40.8]","40.9 [36.1-45.9]","35.8 [30.6-41.3]","44.0 [38.0-50.2]","39.5 [32.3-47.2]","53.9 [45.5-62.0]","32.1 [24.0-41.4]","38.4 [28.0-49.9]","55.9 [43.7-67.3]","47.5 [33.4-61.9]","69.0 [49.9-83.2]"
"Senegal"," 2005"," DHS","10.8 [7.9-14.6]","10.5 [7.9-13.9]","13.9 [9.9-19.2]","19.9 [13.9-27.7]","23.5 [17.5-30.8]","40.2 [34.8-45.9]","42.8 [37.6-48.2]","40.8 [34.6-47.2]","46.0 [38.7-53.6]","44.3 [34.8-54.2]","No data","No data","No data","No data","No data"
"Senegal"," 1997"," DHS","13.1 [9.3-18.3]","13.6 [10.0-18.3]","17.4 [11.8-25.0]","15.3 [10.0-22.7]","17.4 [12.3-24.0]","No data","No data","No data","No data","No data","No data","No data","No data","No data","No data"
"Serbia"," 2014"," MICS","No data","No data","No data","No data","No data","No data","No data","No data","No data","No data","No data","No data","No data","No data","No data"
"Serbia"," 2010"," MICS","23.8 [11.7-42.4]","58.9 [30.8-82.2]","26.3 [10.6-51.7]","42.9 [25.7-61.9]","37.7 [21.4-57.3]","45.5 [27.3-65.0]","66.8 [30.7-90.1]","74.3 [53.8-87.8]","58.8 [37.9-77.0]","59.7 [39.9-76.8]","83.2 [65.2-92.9]","74.7 [34.1-94.4]","98.4 [89.0-99.8]","95.6 [82.7-99.0]","95.9 [88.4-98.6]"
"Serbia"," 2005"," MICS","20.8 [9.9-38.5]","15.5 [6.8-31.7]","11.8 [3.2-35.0]","8.0 [1.4-34.6]","No data","62.7 [46.8-76.2]","71.8 [53.2-85.1]","65.4 [44.0-82.0]","89.2 [73.1-96.2]","No data","88.6 [70.6-96.2]","95.0 [76.6-99.1]","91.3 [72.1-97.7]","95.3 [72.4-99.4]","No data"
"Sierra Leone"," 2013"," DHS","86.8 [81.9-90.6]","86.3 [81.2-90.3]","82.6 [76.0-87.7]","81.9 [74.6-87.5]","88.0 [81.6-92.4]","57.6 [50.3-64.6]","60.1 [53.5-66.3]","54.1 [46.0-62.0]","56.0 [48.4-63.4]","60.5 [50.9-69.4]","67.7 [56.4-77.3]","71.9 [58.6-82.2]","75.3 [65.2-83.3]","70.1 [58.1-79.8]","75.1 [55.1-88.1]"
"Sierra Leone"," 2010"," MICS","74.5 [67.8-80.2]","73.1 [66.0-79.2]","69.9 [63.4-75.7]","75.7 [69.7-80.9]","69.5 [60.7-77.1]","53.5 [46.6-60.2]","53.7 [46.2-61.0]","54.5 [48.3-60.6]","57.6 [49.9-64.9]","56.2 [47.6-64.5]","71.9 [63.3-79.1]","74.8 [67.9-80.6]","75.6 [68.3-81.7]","76.7 [66.8-84.4]","63.0 [50.3-74.2]"
"Sierra Leone"," 2008"," DHS","53.3 [41.7-64.6]","71.7 [62.3-79.5]","67.7 [55.3-78.0]","73.8 [63.6-82.0]","79.9 [69.4-87.4]","46.7 [35.9-57.8]","57.6 [46.8-67.8]","57.9 [47.6-67.6]","62.5 [49.6-73.8]","60.2 [49.2-70.3]","39.2 [25.4-55.0]","46.4 [33.1-60.3]","49.2 [36.8-61.8]","48.0 [31.8-64.7]","45.7 [25.7-67.3]"
"Sierra Leone"," 2005"," MICS","43.4 [34.7-52.5]","48.0 [39.6-56.5]","47.0 [39.9-54.2]","66.7 [58.7-73.8]","75.1 [65.8-82.5]","34.7 [26.4-44.0]","30.1 [23.3-38.0]","27.6 [20.9-35.5]","29.7 [23.5-36.8]","30.8 [22.2-40.9]","43.0 [33.4-53.2]","43.6 [34.0-53.6]","53.2 [42.4-63.8]","54.5 [45.6-63.1]","42.1 [28.8-56.7]"
"Somalia"," 2006"," MICS","6.5 [4.2-10.0]","5.6 [3.2-9.4]","12.5 [8.4-18.3]","23.2 [14.0-36.1]","31.0 [22.4-41.2]","5.1 [2.6-9.5]","4.4 [2.5-7.7]","7.2 [4.7-10.9]","9.1 [6.2-13.2]","11.2 [6.2-19.4]","4.6 [2.1-9.6]","7.7 [4.6-12.6]","13.1 [7.6-21.6]","18.8 [13.0-26.3]","27.7 [19.3-38.0]"
"South Africa"," 1998"," DHS","51.8 [41.0-62.5]","55.3 [46.7-63.7]","50.9 [41.5-60.2]","45.1 [32.7-58.1]","47.2 [29.7-65.4]","30.6 [22.3-40.3]","44.0 [36.0-52.2]","41.0 [31.5-51.2]","42.7 [31.2-55.0]","19.9 [10.8-34.0]","No data","No data","No data","No data","No data"
"South Sudan"," 2010"," MICS","27.3 [23.2-31.8]","34.6 [29.8-39.9]","35.0 [30.1-40.2]","46.0 [40.8-51.2]","52.4 [47.5-57.3]","22.6 [18.7-27.1]","21.3 [17.5-25.7]","23.1 [19.7-26.9]","23.4 [19.9-27.2]","24.7 [20.4-29.6]","32.1 [26.1-38.7]","45.6 [38.9-52.5]","42.5 [36.9-48.4]","52.6 [46.7-58.3]","65.4 [58.3-71.9]"
"Sudan"," 2014"," MICS","15.9 [12.8-19.7]","19.1 [15.5-23.3]","21.1 [17.4-25.5]","21.2 [16.7-26.6]","20.7 [16.7-25.3]","55.5 [49.9-61.0]","61.8 [57.6-65.8]","56.0 [51.3-60.5]","60.5 [55.9-64.9]","63.9 [58.4-69.1]","27.2 [21.2-34.2]","45.4 [40.4-50.5]","61.9 [54.2-69.0]","54.1 [43.2-64.6]","63.3 [55.1-70.8]"
"Sudan"," 2010"," MICS","21.4 [18.0-25.3]","24.7 [21.3-28.4]","22.8 [19.4-26.7]","21.8 [17.6-26.6]","15.9 [11.2-22.0]","10.7 [8.7-13.0]","10.6 [8.6-13.0]","12.8 [10.2-15.9]","12.0 [8.5-16.5]","16.3 [11.9-21.9]","39.5 [34.9-44.2]","52.5 [46.9-58.0]","63.7 [58.1-69.0]","68.4 [61.9-74.3]","71.8 [66.1-76.9]"
"Suriname"," 2010"," MICS","56.9 [47.7-65.7]","32.0 [21.0-45.5]","No data","45.4 [25.0-67.5]","No data","58.0 [49.3-66.2]","59.0 [43.3-73.0]","No data","67.7 [45.1-84.2]","No data","78.7 [66.2-87.4]","No data","No data","No data","No data"
"Suriname"," 2006"," MICS","57.5 [44.9-69.1]","32.4 [20.6-46.8]","42.9 [26.4-61.2]","16.0 [6.2-35.3]","No data","23.0 [15.1-33.5]","31.1 [19.5-45.6]","36.7 [19.4-58.3]","28.0 [12.7-51.1]","No data","No data","No data","No data","No data","No data"
"Syrian Arab Republic"," 2006"," MICS","45.5 [38.0-53.1]","46.6 [39.5-53.9]","48.0 [41.1-55.0]","56.1 [47.7-64.1]","58.9 [49.5-67.7]","36.8 [30.4-43.8]","32.7 [26.8-39.3]","33.0 [26.6-40.0]","31.2 [24.2-39.1]","38.3 [29.3-48.2]","71.6 [61.2-80.1]","66.7 [58.2-74.2]","81.1 [73.7-86.8]","79.4 [69.9-86.5]","86.2 [77.7-91.9]"
"Tajikistan"," 2012"," DHS","53.0 [40.3-65.2]","52.2 [40.7-63.4]","72.4 [61.9-80.9]","64.6 [54.1-73.7]","62.1 [53.8-69.8]","58.1 [43.5-71.4]","56.2 [45.8-66.0]","73.3 [63.7-81.1]","66.0 [55.3-75.3]","52.5 [44.9-60.1]","No data","No data","No data","No data","No data"
"Tajikistan"," 2005"," MICS","51.5 [41.1-61.7]","55.2 [42.3-67.5]","41.2 [30.2-53.2]","43.0 [31.3-55.6]","49.9 [37.8-62.0]","20.4 [13.5-29.7]","18.6 [11.4-28.7]","13.4 [6.9-24.5]","34.8 [24.7-46.5]","25.9 [15.5-39.9]","No data","No data","No data","No data","No data"
"Thailand"," 2012"," MICS","74.3 [57.1-86.3]","60.5 [44.3-74.8]","66.8 [51.6-79.2]","63.1 [46.7-76.9]","54.1 [35.9-71.3]","62.4 [44.4-77.6]","55.5 [38.7-71.1]","55.6 [39.4-70.7]","42.0 [26.3-59.5]","51.4 [33.6-68.9]","94.9 [82.9-98.6]","88.5 [74.7-95.3]","68.9 [43.3-86.5]","77.2 [51.6-91.5]","74.0 [33.9-94.1]"
"Thailand"," 2005"," MICS","55.7 [45.4-65.5]","57.0 [42.9-70.0]","58.9 [48.6-68.5]","56.0 [44.8-66.7]","53.9 [39.5-67.7]","42.5 [32.2-53.5]","55.5 [41.3-68.9]","44.2 [34.6-54.3]","46.6 [36.5-57.0]","45.4 [30.5-61.1]","84.9 [70.7-92.9]","88.0 [72.7-95.3]","86.8 [75.3-93.5]","76.0 [59.1-87.4]","78.0 [54.3-91.3]"
"The former Yugoslav republic of Macedonia"," 2011"," MICS","No data","No data","No data","No data","No data","No data","No data","No data","No data","No data","No data","No data","No data","No data","No data"
"The former Yugoslav republic of Macedonia"," 2005"," MICS","33.7 [15.0-59.5]","15.5 [5.2-38.0]","30.6 [15.3-51.8]","26.5 [12.2-48.3]","No data","20.3 [11.2-34.0]","60.6 [25.5-87.4]","20.7 [10.3-37.1]","41.0 [21.5-63.8]","No data","92.6 [85.8-96.3]","96.4 [87.8-99.0]","89.7 [77.2-95.7]","85.5 [66.4-94.6]","No data"
"Timor-Leste"," 2009"," DHS","69.6 [63.1-75.4]","69.0 [62.0-75.3]","79.5 [73.1-84.7]","66.5 [58.8-73.5]","70.6 [61.5-78.4]","65.8 [58.8-72.2]","60.1 [52.5-67.2]","66.9 [60.0-73.2]","59.1 [51.3-66.5]","62.0 [52.8-70.5]","52.8 [35.0-69.9]","73.8 [55.6-86.4]","77.5 [63.3-87.3]","65.2 [47.0-79.8]","79.7 [57.9-91.8]"
"Togo"," 2013"," DHS","28.2 [22.0-35.3]","12.0 [7.5-18.8]","12.3 [7.8-19.0]","14.3 [8.8-22.3]","24.7 [15.7-36.7]","40.9 [35.4-46.8]","33.0 [26.9-39.7]","26.2 [19.6-34.1]","27.9 [19.4-38.2]","35.8 [25.3-47.8]","41.7 [29.7-54.7]","51.8 [34.5-68.7]","39.9 [23.0-59.7]","47.8 [31.7-64.5]","69.1 [46.5-85.2]"
"Togo"," 2010"," MICS","4.5 [2.5-7.8]","9.5 [6.3-14.1]","16.1 [11.4-22.4]","15.3 [9.6-23.5]","20.0 [11.3-32.9]","20.4 [16.0-25.6]","25.4 [20.3-31.3]","25.3 [19.4-32.3]","29.4 [19.8-41.3]","15.2 [8.2-26.3]","19.5 [12.3-29.6]","25.9 [15.5-40.0]","31.4 [18.2-48.3]","44.8 [25.7-65.6]","No data"
"Togo"," 2006"," MICS","9.1 [4.7-16.8]","8.4 [5.0-13.8]","7.2 [3.7-13.3]","11.1 [5.6-21.0]","19.4 [10.4-33.5]","33.6 [25.5-42.7]","36.8 [28.2-46.3]","34.7 [26.0-44.6]","33.6 [22.9-46.3]","56.4 [40.7-70.9]","18.4 [10.3-30.8]","24.2 [11.8-43.3]","6.1 [2.1-16.5]","33.3 [18.7-52.0]","27.7 [17.6-40.8]"
"Togo"," 1998"," DHS","12.6 [9.4-16.7]","15.5 [11.9-19.9]","12.8 [8.7-18.4]","23.3 [16.8-31.4]","29.8 [21.1-40.4]","19.6 [14.4-26.1]","31.2 [26.1-36.8]","26.0 [20.5-32.5]","22.1 [15.3-30.9]","22.9 [15.3-32.8]","No data","No data","No data","No data","No data"
"Trinidad and Tobago"," 2006"," MICS","No data","No data","No data","No data","No data","No data","No data","No data","No data","No data","No data","No data","No data","No data","No data"
"Tunisia"," 2011"," MICS","62.4 [48.8-74.3]","53.3 [37.6-68.3]","72.3 [48.2-88.0]","73.8 [51.6-88.1]","No data","45.3 [30.8-60.7]","49.7 [33.7-65.8]","37.4 [20.8-57.7]","57.5 [36.4-76.1]","No data","46.1 [36.5-56.0]","62.8 [51.4-73.0]","56.3 [42.5-69.2]","67.6 [54.0-78.8]","74.1 [58.7-85.2]"
"Turkey"," 2003"," DHS","No data","No data","No data","No data","No data","No data","No data","No data","No data","No data","No data","No data","No data","No data","No data"
"Turkey"," 1998"," DHS","12.6 [9.3-17.0]","13.5 [9.4-19.0]","17.8 [12.5-24.6]","13.1 [7.6-21.7]","14.8 [7.9-26.2]","15.2 [11.2-20.3]","20.1 [15.8-25.3]","20.5 [15.4-26.8]","25.9 [17.5-36.4]","13.2 [7.0-23.5]","No data","No data","No data","No data","No data"
"Turkey"," 1993"," DHS","9.6 [6.6-13.8]","7.6 [4.7-12.2]","14.9 [10.1-21.6]","12.0 [7.2-19.3]","15.8 [9.9-24.4]","No data","No data","No data","No data","No data","No data","No data","No data","No data","No data"
"Turkmenistan"," 2015"," MICS","No data","No data","No data","No data","No data","No data","No data","No data","No data","No data","No data","No data","No data","No data","No data"
"Turkmenistan"," 2006"," MICS","No data","No data","43.8 [25.0-64.5]","No data","29.7 [15.0-50.2]","No data","No data","8.5 [2.7-24.1]","No data","15.9 [6.4-34.6]","No data","No data","No data","No data","No data"
"Uganda"," 2011"," DHS","42.9 [35.7-50.3]","40.4 [33.8-47.3]","40.9 [33.6-48.5]","50.7 [43.3-58.1]","45.4 [37.9-53.1]","36.0 [29.7-42.7]","33.0 [27.1-39.5]","32.7 [27.2-38.8]","42.2 [35.1-49.6]","40.2 [33.7-47.2]","77.8 [70.4-83.8]","78.9 [71.4-84.8]","78.1 [69.0-85.1]","77.2 [68.3-84.2]","82.3 [71.5-89.6]"
"Uganda"," 2006"," DHS","46.1 [41.4-50.8]","37.7 [32.2-43.5]","34.1 [28.4-40.3]","38.8 [32.5-45.4]","37.5 [30.0-45.6]","39.1 [34.3-44.1]","35.3 [29.9-41.2]","39.0 [33.3-45.1]","43.3 [37.2-49.5]","43.6 [36.0-51.5]","79.5 [73.2-84.5]","67.7 [59.5-74.8]","69.8 [60.8-77.5]","72.8 [63.9-80.1]","77.5 [64.8-86.6]"
"Uganda"," 2000"," DHS","29.1 [23.5-35.5]","30.2 [23.8-37.6]","35.9 [29.0-43.5]","38.4 [30.5-46.9]","40.1 [32.2-48.5]","24.5 [19.3-30.5]","26.1 [20.9-32.2]","28.8 [21.8-36.9]","30.5 [23.5-38.6]","41.4 [34.6-48.5]","No data","No data","No data","No data","No data"
"Uganda"," 1995"," DHS","46.3 [40.1-52.6]","47.5 [36.4-58.7]","46.5 [39.2-54.0]","49.0 [41.7-56.4]","54.0 [47.1-60.8]","18.7 [14.1-24.4]","22.8 [16.6-30.6]","24.0 [17.9-31.3]","25.5 [19.4-32.9]","29.8 [24.2-36.0]","No data","No data","No data","No data","No data"
"Ukraine"," 2012"," MICS","64.5 [33.7-86.6]","No data","No data","No data","No data","69.5 [41.2-88.1]","No data","No data","No data","No data","No data","83.3 [61.0-94.1]","No data","92.3 [70.5-98.4]","93.3 [76.4-98.3]"
"Ukraine"," 2007"," DHS","No data","No data","No data","No data","No data","No data","No data","No data","No data","No data","No data","No data","No data","No data","No data"
"Ukraine"," 2005"," MICS","No data","No data","No data","No data","No data","No data","No data","No data","No data","No data","No data","No data","No data","No data","No data"
"Ukraine"," 1999"," RHS","No data","No data","No data","No data","No data","No data","No data","No data","No data","No data","No data","No data","No data","No data","No data"
"United Republic of Tanzania"," 2015"," DHS","39.6 [31.8-48.1]","41.1 [33.3-49.4]","53.6 [45.6-61.5]","44.0 [35.1-53.3]","45.3 [37.6-53.3]","36.9 [30.3-44.0]","45.2 [37.4-53.3]","49.4 [40.1-58.7]","47.2 [38.7-56.0]","47.9 [38.4-57.5]","37.0 [22.9-53.7]","48.7 [32.2-65.4]","47.7 [33.9-61.9]","62.0 [44.6-76.7]","74.9 [60.3-85.4]"
"United Republic of Tanzania"," 2010"," DHS","40.8 [32.4-49.7]","42.6 [34.6-51.1]","43.3 [34.3-52.7]","54.0 [45.1-62.6]","38.3 [28.5-49.2]","45.2 [37.7-52.9]","48.5 [39.4-57.7]","47.8 [40.1-55.5]","53.9 [45.8-61.7]","59.1 [48.8-68.7]","57.0 [41.8-70.9]","74.7 [55.7-87.3]","56.3 [42.2-69.4]","77.6 [56.1-90.4]","93.4 [76.9-98.4]"
"United Republic of Tanzania"," 2004"," DHS","53.9 [46.9-60.8]","58.3 [50.5-65.7]","56.2 [48.0-64.0]","45.4 [37.3-53.7]","55.6 [41.7-68.6]","48.7 [42.3-55.1]","54.1 [46.7-61.2]","51.5 [41.6-61.3]","53.3 [45.1-61.4]","61.8 [50.2-72.2]","No data","No data","No data","No data","No data"
"United Republic of Tanzania"," 1999"," DHS","44.3 [24.9-65.5]","57.4 [40.8-72.5]","50.1 [35.7-64.4]","66.2 [52.6-77.6]","58.7 [39.8-75.4]","26.0 [12.7-46.0]","45.5 [32.4-59.3]","41.1 [28.0-55.6]","37.8 [26.0-51.3]","43.3 [26.2-62.1]","No data","No data","No data","No data","No data"
"United Republic of Tanzania"," 1996"," DHS","35.3 [28.0-43.5]","54.1 [43.3-64.6]","51.4 [43.1-59.7]","46.2 [37.4-55.3]","59.8 [50.8-68.3]","53.7 [46.4-60.8]","53.3 [43.2-63.0]","49.4 [42.4-56.5]","53.2 [45.4-60.9]","62.2 [52.0-71.3]","No data","No data","No data","No data","No data"
"Uruguay"," 2012"," MICS","No data","No data","No data","No data","No data","No data","No data","No data","No data","No data","84.9 [53.5-96.5]","98.8 [90.6-99.9]","No data","No data","No data"
"Uzbekistan"," 2006"," MICS","No data","No data","No data","22.6 [9.5-45.1]","No data","No data","No data","No data","27.7 [13.0-49.4]","No data","No data","No data","No data","No data","86.4 [69.9-94.6]"
"Uzbekistan"," 1996"," DHS","No data","No data","No data","No data","32.4 [18.4-50.6]","No data","No data","No data","No data","31.7 [14.6-55.9]","No data","No data","No data","No data","No data"
"Vanuatu"," 2007"," MICS","22.0 [8.7-45.7]","23.1 [11.1-41.9]","18.9 [7.0-41.8]","28.7 [12.5-53.0]","20.0 [10.7-34.1]","38.2 [20.8-59.2]","50.5 [32.1-68.8]","31.3 [17.4-49.7]","40.6 [28.4-54.2]","52.7 [41.7-63.4]","No data","No data","No data","No data","No data"
"Viet Nam"," 2013"," MICS","39.5 [30.2-49.6]","54.8 [38.3-70.3]","65.1 [48.6-78.7]","59.8 [43.3-74.3]","48.1 [31.0-65.6]","50.5 [41.1-59.8]","61.2 [44.5-75.6]","57.5 [41.1-72.3]","66.5 [49.1-80.3]","65.6 [44.2-82.1]","68.0 [49.9-81.9]","No data","No data","No data","No data"
"Viet Nam"," 2010"," MICS","34.9 [23.3-48.5]","43.4 [26.9-61.5]","61.4 [43.4-76.7]","46.8 [30.2-64.0]","52.7 [36.8-68.0]","57.8 [44.3-70.2]","62.1 [43.7-77.6]","56.4 [37.1-73.9]","43.7 [27.9-61.0]","66.3 [50.9-78.8]","67.9 [47.1-83.4]","No data","No data","68.4 [51.5-81.5]","No data"
"Viet Nam"," 2006"," MICS","21.7 [12.9-34.1]","11.1 [4.7-24.1]","30.1 [16.5-48.5]","28.8 [16.8-44.9]","No data","73.9 [59.1-84.8]","48.1 [33.1-63.4]","71.4 [48.8-86.7]","54.3 [32.6-74.5]","No data","87.3 [77.6-93.1]","65.1 [33.7-87.3]","81.7 [69.1-89.9]","85.3 [67.2-94.3]","No data"
"Viet Nam"," 2002"," DHS","37.8 [23.4-54.8]","26.3 [13.3-45.4]","43.3 [24.7-64.0]","No data","No data","36.7 [21.2-55.7]","23.7 [10.5-45.1]","47.8 [27.7-68.7]","No data","No data","No data","No data","No data","No data","No data"
"Viet Nam"," 1997"," DHS","29.9 [17.7-45.8]","30.6 [18.3-46.4]","32.8 [14.9-57.6]","61.0 [38.1-79.9]","No data","25.2 [15.7-38.0]","31.9 [16.2-53.3]","22.8 [9.0-46.9]","21.4 [9.1-42.4]","No data","No data","No data","No data","No data","No data"
"Yemen"," 2013"," DHS","27.0 [23.5-30.9]","26.0 [22.7-29.7]","25.8 [22.3-29.7]","24.9 [21.5-28.6]","20.7 [16.1-26.2]","36.3 [32.4-40.3]","40.0 [36.2-43.8]","41.7 [37.3-46.2]","44.2 [40.0-48.5]","35.9 [30.2-42.1]","30.7 [25.4-36.4]","32.0 [26.7-37.8]","34.5 [28.3-41.3]","34.7 [28.3-41.6]","42.4 [33.7-51.6]"
"Yemen"," 2006"," MICS","30.6 [24.6-37.3]","31.4 [25.1-38.6]","33.9 [28.3-39.9]","33.2 [26.7-40.3]","36.5 [27.8-46.1]","41.4 [34.2-49.0]","49.8 [43.7-55.8]","45.2 [39.1-51.4]","51.3 [44.0-58.7]","53.8 [45.6-61.8]","40.4 [30.6-51.0]","38.4 [29.2-48.7]","43.1 [32.3-54.6]","53.0 [39.8-65.9]","48.2 [34.0-62.7]"
"Zambia"," 2013"," DHS","59.1 [53.5-64.6]","64.9 [59.2-70.3]","59.8 [54.0-65.3]","70.4 [64.3-75.9]","67.5 [59.5-74.6]","51.7 [45.9-57.5]","50.7 [46.0-55.4]","57.8 [51.8-63.5]","66.2 [59.9-71.9]","54.6 [45.6-63.4]","66.9 [55.1-77.0]","65.6 [54.7-75.1]","67.4 [54.1-78.4]","75.1 [63.7-83.8]","79.6 [63.8-89.6]"
"Zambia"," 2007"," DHS","61.1 [52.0-69.5]","60.8 [52.2-68.7]","53.7 [45.5-61.7]","62.6 [55.5-69.2]","60.5 [45.2-74.1]","53.2 [44.0-62.1]","56.9 [48.6-64.8]","51.1 [43.9-58.2]","56.7 [49.2-63.9]","65.2 [53.8-75.0]","77.9 [64.5-87.3]","64.1 [49.6-76.4]","64.3 [49.0-77.1]","78.4 [64.0-88.2]","56.1 [37.6-73.0]"
"Zambia"," 2001"," DHS","47.3 [41.3-53.5]","53.2 [46.6-59.7]","52.7 [46.1-59.2]","58.6 [52.2-64.9]","57.5 [47.4-67.0]","42.8 [37.2-48.6]","46.5 [40.3-52.8]","47.8 [41.9-53.7]","51.8 [45.4-58.1]","53.6 [43.9-63.1]","No data","No data","No data","No data","No data"
"Zambia"," 1996"," DHS","49.0 [44.5-53.6]","51.9 [44.8-58.9]","52.4 [43.6-61.0]","56.3 [49.8-62.5]","63.0 [56.7-68.8]","34.7 [29.4-40.4]","46.0 [39.3-52.7]","45.5 [38.5-52.6]","43.6 [38.1-49.3]","53.5 [46.4-60.4]","No data","No data","No data","No data","No data"
"Zimbabwe"," 2015"," DHS","29.7 [22.8-37.7]","37.0 [29.2-45.5]","44.2 [36.5-52.1]","49.5 [42.1-57.0]","44.2 [33.9-55.0]","46.8 [38.5-55.2]","49.0 [40.2-57.8]","52.8 [44.6-60.9]","56.3 [47.5-64.7]","49.8 [39.2-60.4]","43.2 [27.3-60.7]","43.0 [26.5-61.3]","53.6 [34.7-71.4]","54.7 [38.3-70.1]","70.0 [49.8-84.5]"
"Zimbabwe"," 2014"," MICS","36.9 [32.0-42.1]","41.8 [36.1-47.8]","45.6 [39.7-51.7]","48.5 [43.4-53.7]","44.9 [36.9-53.2]","48.3 [42.7-53.8]","57.5 [52.2-62.6]","55.2 [49.4-60.9]","62.3 [56.9-67.4]","58.9 [51.5-65.9]","55.1 [45.3-64.6]","61.4 [51.0-70.8]","55.1 [42.6-66.9]","63.2 [52.3-72.9]","61.2 [46.4-74.2]"
"Zimbabwe"," 2010"," DHS","17.8 [12.3-25.2]","20.2 [13.9-28.3]","17.5 [10.5-27.6]","23.1 [15.8-32.5]","27.6 [18.6-38.7]","34.9 [28.3-42.1]","45.7 [36.7-54.8]","48.8 [36.2-61.5]","53.9 [45.2-62.5]","46.1 [35.7-56.9]","52.1 [40.2-63.9]","43.7 [29.2-59.5]","53.6 [38.0-68.6]","48.0 [29.6-67.0]","No data"
"Zimbabwe"," 2009"," MICS","7.3 [3.8-13.6]","6.5 [3.4-12.2]","8.2 [4.4-14.5]","11.5 [7.2-17.8]","11.2 [5.4-21.9]","26.5 [20.0-34.3]","34.6 [27.9-42.0]","28.4 [20.7-37.6]","44.0 [34.3-54.1]","48.0 [37.6-58.6]","43.4 [35.7-51.5]","41.6 [32.8-50.9]","43.6 [32.3-55.6]","39.1 [26.6-53.3]","45.7 [28.4-64.1]"
"Zimbabwe"," 2005"," DHS","3.2 [1.1-9.0]","5.0 [2.3-10.6]","5.1 [2.2-11.2]","6.0 [2.4-14.3]","14.2 [6.7-27.6]","38.9 [29.5-49.2]","45.0 [36.5-53.8]","51.1 [40.8-61.3]","48.4 [37.6-59.4]","60.7 [47.6-72.3]","9.0 [4.5-17.0]","33.5 [20.0-50.2]","31.0 [21.3-42.7]","22.7 [9.9-44.0]","No data"
"Zimbabwe"," 1999"," DHS","No data","No data","No data","No data","No data","76.7 [67.2-84.2]","80.0 [68.4-88.1]","77.7 [66.2-86.1]","75.2 [66.9-82.0]","91.6 [78.4-97.1]","No data","No data","No data","No data","No data"
"Zimbabwe"," 1994"," DHS","74.6 [68.5-79.8]","78.7 [69.8-85.5]","76.8 [65.6-85.1]","85.4 [75.8-91.6]","84.8 [71.8-92.4]","38.5 [31.6-45.9]","34.4 [26.3-43.6]","45.5 [35.0-56.6]","49.8 [39.4-60.2]","40.5 [27.5-54.9]","No data","No data","No data","No data","No data"
