"","","","Contraceptive prevalence - modern methods (%)","Contraceptive prevalence - modern methods (%)","Contraceptive prevalence - modern and traditional methods (%)","Contraceptive prevalence - modern and traditional methods (%)","Demand for family planning satisfied - modern methods (%)","Demand for family planning satisfied - modern methods (%)","Demand for family planning satisfied - modern and traditional methods (%)","Demand for family planning satisfied - modern and traditional methods (%)"
"Country","Year","Data Source"," 20-49 years"," 15-19 years"," 20-49 years"," 15-19 years"," 20-49 years"," 15-19 years"," 20-49 years"," 15-19 years"
"Afghanistan"," 2015"," DHS","20.7 [19.3-22.2]","6.0 [4.4-8.1]","23.5 [21.9-25.1]","7.8 [5.7-10.5]","43.1 [41.1-45.2]","20.1 [15.1-26.4]","49.8 [47.4-52.1]","26.6 [20.2-34.2]"
"Afghanistan"," 2010"," MICS","20.6 [19.0-22.3]","5.9 [4.5-7.8]","22.4 [20.6-24.2]","7.1 [5.5-9.1]","No data","No data","No data","No data"
"Albania"," 2008"," DHS","10.6 [9.5-11.8]","12.9 [6.5-24.1]","69.7 [67.4-71.8]","54.7 [42.2-66.6]","12.8 [11.6-14.2]","18.1 [9.3-32.2]","84.6 [82.7-86.3]","76.8 [64.9-85.5]"
"Albania"," 2005"," MICS","22.5 [19.9-25.4]","16.3 [8.1-30.1]","60.5 [56.7-64.2]","35.0 [22.2-50.3]","No data","No data","No data","No data"
"Albania"," 2002"," RHS","8.1 [7.1-9.2]","No data","75.7 [73.6-77.8]","No data","No data","No data","No data","No data"
"Algeria"," 2012"," MICS","48.1 [46.9-49.2]","27.0 [20.0-35.4]","57.4 [56.3-58.5]","28.7 [21.5-37.1]","No data","No data","No data","No data"
"Angola"," 2015"," DHS","13.0 [11.4-14.7]","7.6 [5.0-11.3]","14.2 [12.5-16.0]","8.0 [5.3-11.7]","26.3 [23.4-29.4]","15.9 [10.7-22.9]","29.0 [25.9-32.3]","16.6 [11.4-23.7]"
"Argentina"," 2011"," MICS","57.7 [56.1-59.3]","32.8 [29.7-36.1]","60.0 [58.3-61.6]","33.7 [30.6-36.9]","No data","No data","No data","No data"
"Armenia"," 2010"," DHS","27.7 [25.1-30.4]","3.1 [0.4-19.3]","55.6 [52.9-58.2]","19.1 [9.4-35.0]","35.9 [32.9-39.0]","6.8 [0.9-36.3]","72.6 [70.0-75.0]","41.5 [19.7-67.2]"
"Armenia"," 2005"," DHS","19.8 [18.1-21.5]","4.5 [1.1-16.5]","53.8 [51.5-56.1]","16.5 [7.9-31.3]","29.4 [27.1-31.8]","No data","80.5 [78.0-82.7]","No data"
"Armenia"," 2000"," DHS","22.4 [20.8-24.0]","18.0 [11.4-27.3]","61.4 [59.5-63.2]","25.5 [18.3-34.4]","30.1 [28.2-32.2]","36.7 [22.8-53.3]","84.3 [82.7-85.7]","64.0 [47.6-77.7]"
"Azerbaijan"," 2006"," DHS","14.6 [13.4-15.9]","3.0 [0.9-9.5]","52.5 [50.3-54.6]","6.4 [2.9-13.3]","19.4 [17.9-21.0]","13.3 [4.2-34.7]","69.7 [67.5-71.9]","27.9 [13.3-49.3]"
"Bangladesh"," 2014"," DHS","55.0 [53.7-56.3]","46.7 [44.2-49.3]","64.0 [62.6-65.3]","51.2 [48.5-53.8]","73.0 [71.5-74.4]","68.3 [65.3-71.3]","86.4 [85.3-87.5]","77.7 [74.6-80.4]"
"Bangladesh"," 2012"," MICS","60.1 [59.3-60.9]","46.6 [44.1-49.0]","62.8 [62.0-63.6]","48.5 [46.0-50.9]","No data","No data","No data","No data"
"Bangladesh"," 2011"," DHS","53.3 [52.2-54.4]","42.4 [39.7-45.2]","63.1 [62.0-64.1]","47.1 [44.4-49.8]","69.9 [68.8-71.1]","65.7 [62.5-68.8]","85.0 [84.1-85.8]","78.2 [75.5-80.7]"
"Bangladesh"," 2007"," DHS","49.0 [47.3-50.7]","37.6 [34.0-41.2]","58.0 [56.4-59.6]","41.8 [38.3-45.4]","65.9 [64.1-67.6]","61.4 [56.8-65.7]","77.9 [76.4-79.4]","68.3 [63.8-72.5]"
"Bangladesh"," 2006"," MICS","No data","No data","No data","No data","No data","No data","No data","No data"
"Bangladesh"," 2004"," DHS","50.0 [48.5-51.5]","34.1 [31.8-36.5]","61.3 [59.8-62.8]","42.2 [39.8-44.6]","67.9 [66.4-69.4]","56.9 [53.4-60.3]","85.9 [84.7-87.1]","74.7 [71.6-77.6]"
"Bangladesh"," 1999"," DHS","46.3 [44.7-47.9]","31.2 [28.3-34.2]","57.3 [55.7-58.8]","38.1 [35.2-41.1]","63.5 [61.6-65.3]","51.4 [47.2-55.5]","80.6 [79.1-82.1]","67.1 [63.3-70.7]"
"Bangladesh"," 1996"," DHS","44.7 [43.2-46.2]","27.8 [25.1-30.7]","52.8 [51.3-54.4]","32.9 [30.0-35.9]","64.3 [62.6-66.0]","52.1 [47.7-56.3]","78.2 [76.6-79.7]","65.0 [60.9-68.9]"
"Bangladesh"," 1993"," DHS","39.3 [37.8-41.0]","19.6 [17.4-22.1]","48.2 [46.6-49.7]","24.7 [22.2-27.4]","58.8 [57.0-60.7]","41.3 [37.6-45.1]","74.2 [72.7-75.7]","54.1 [49.9-58.1]"
"Barbados"," 2012"," MICS","55.6 [51.8-59.3]","51.4 [38.0-64.6]","59.5 [56.0-62.9]","54.7 [41.3-67.5]","No data","No data","No data","No data"
"Belarus"," 2012"," MICS","51.2 [49.1-53.3]","48.4 [27.8-69.6]","63.1 [61.1-65.1]","58.0 [35.3-77.8]","No data","No data","No data","No data"
"Belarus"," 2005"," MICS","56.6 [54.2-59.0]","50.7 [32.3-68.9]","72.7 [70.5-74.8]","61.9 [41.5-78.9]","No data","No data","No data","No data"
"Belize"," 2011"," MICS","52.8 [50.1-55.5]","33.8 [26.8-41.7]","56.3 [53.6-58.9]","35.7 [28.2-43.9]","No data","No data","No data","No data"
"Belize"," 2006"," MICS","36.5 [33.4-39.7]","11.0 [7.8-15.3]","40.4 [37.2-43.7]","11.5 [8.3-15.8]","55.3 [51.3-59.1]","19.5 [14.0-26.4]","59.6 [55.7-63.5]","20.3 [14.8-27.0]"
"Belize"," 1991"," RHS","44.4 [38.5-50.5]","No data","48.3 [42.6-54.0]","No data","No data","No data","No data","No data"
"Benin"," 2011"," DHS","8.0 [7.5-8.6]","4.2 [2.5-7.0]","13.1 [12.3-13.9]","8.2 [5.8-11.6]","18.2 [17.0-19.4]","10.0 [6.0-16.3]","30.1 [28.4-31.7]","19.5 [13.8-26.9]"
"Benin"," 2006"," DHS","6.3 [5.8-6.8]","2.9 [1.8-4.8]","17.5 [16.5-18.5]","7.9 [5.9-10.5]","13.3 [12.3-14.3]","8.6 [5.3-13.5]","36.7 [35.0-38.5]","23.2 [17.9-29.4]"
"Benin"," 2001"," DHS","7.4 [6.6-8.4]","3.4 [1.6-7.0]","19.3 [17.9-20.8]","7.9 [4.8-12.5]","16.0 [14.3-17.9]","9.6 [4.7-18.5]","41.5 [38.9-44.2]","22.0 [14.3-32.4]"
"Benin"," 1996"," DHS","3.5 [2.9-4.3]","2.5 [1.1-5.5]","17.0 [15.6-18.4]","9.4 [6.4-13.4]","8.2 [6.8-9.9]","6.7 [3.0-14.4]","39.9 [37.4-42.4]","25.3 [17.7-34.8]"
"Bhutan"," 2010"," MICS","66.5 [65.2-67.8]","30.2 [24.5-36.5]","66.7 [65.5-68.0]","30.2 [24.5-36.5]","No data","No data","No data","No data"
"Bolivia (Plurinational State of)"," 2008"," DHS","35.0 [33.6-36.3]","26.6 [22.4-31.1]","61.6 [60.2-63.0]","40.9 [36.0-45.9]","43.2 [41.7-44.7]","33.8 [28.8-39.2]","76.1 [74.7-77.4]","52.0 [46.5-57.6]"
"Bolivia (Plurinational State of)"," 2003"," DHS","35.3 [33.8-36.8]","26.3 [21.6-31.6]","58.9 [57.5-60.2]","45.6 [39.8-51.5]","43.5 [41.8-45.2]","33.5 [27.8-39.7]","72.6 [71.1-74.0]","58.0 [51.4-64.3]"
"Bolivia (Plurinational State of)"," 1998"," DHS","25.8 [24.6-27.2]","9.8 [6.4-14.7]","49.1 [47.4-50.7]","30.7 [24.6-37.7]","34.6 [33.0-36.1]","15.1 [10.0-22.2]","65.6 [63.9-67.3]","47.6 [39.4-55.9]"
"Bolivia (Plurinational State of)"," 1994"," DHS","18.2 [16.8-19.7]","9.4 [6.1-14.4]","46.1 [44.3-47.9]","30.2 [24.0-37.1]","24.4 [22.5-26.4]","13.9 [9.1-20.8]","69.3 [67.3-71.1]","56.5 [48.8-63.9]"
"Bosnia and Herzegovina"," 2011"," MICS","12.0 [10.3-13.8]","No data","46.0 [42.4-49.6]","No data","No data","No data","No data","No data"
"Bosnia and Herzegovina"," 2006"," MICS","11.2 [9.6-13.1]","11.5 [3.5-32.2]","35.8 [32.2-39.5]","32.3 [17.7-51.5]","22.4 [19.2-25.9]","No data","60.3 [55.7-64.7]","86.6 [70.1-94.7]"
"Brazil"," 1996"," DHS","71.4 [70.1-72.6]","47.2 [41.7-52.7]","77.8 [76.7-78.8]","54.1 [48.4-59.6]","82.8 [81.6-84.0]","59.4 [53.5-65.1]","92.1 [91.3-92.8]","75.9 [70.5-80.6]"
"Burkina Faso"," 2010"," DHS","15.8 [14.8-16.8]","6.2 [4.4-8.5]","17.0 [15.9-18.1]","6.6 [4.8-9.0]","38.1 [36.3-40.0]","22.1 [16.4-29.1]","41.8 [39.9-43.8]","24.2 [18.3-31.2]"
"Burkina Faso"," 2006"," MICS","13.8 [10.9-17.2]","6.0 [3.5-10.2]","18.0 [14.3-22.5]","8.3 [5.4-12.6]","28.5 [23.3-34.4]","15.6 [9.3-25.0]","36.4 [30.0-43.4]","21.3 [14.1-30.8]"
"Burkina Faso"," 2003"," DHS","9.2 [8.3-10.2]","4.4 [3.1-6.3]","14.5 [13.3-15.7]","6.8 [5.0-9.1]","20.8 [19.0-22.7]","16.4 [11.4-22.9]","32.8 [30.5-35.1]","25.1 [18.7-32.8]"
"Burkina Faso"," 1998"," DHS","5.0 [4.2-5.8]","3.5 [2.2-5.7]","12.3 [10.8-13.9]","7.8 [5.5-11.0]","12.8 [11.1-14.7]","13.3 [8.3-20.4]","31.6 [28.4-35.0]","29.5 [21.4-39.0]"
"Burundi"," 2010"," DHS","18.1 [16.7-19.6]","8.1 [4.0-15.6]","22.3 [20.8-23.9]","10.1 [5.7-17.5]","33.1 [30.8-35.4]","28.0 [14.8-46.5]","42.5 [40.2-44.9]","35.1 [21.0-52.4]"
"Burundi"," 2005"," MICS","7.8 [6.8-8.8]","2.6 [1.0-6.5]","9.4 [8.3-10.5]","3.5 [1.6-7.6]","No data","No data","No data","No data"
"Cabo Verde"," 1998"," RHS","46.7 [43.5-49.9]","No data","53.9 [50.8-57.0]","No data","No data","No data","No data","No data"
"Cambodia"," 2014"," DHS","39.5 [38.1-41.0]","20.2 [16.1-25.0]","57.4 [56.0-58.8]","29.1 [23.3-35.6]","66.3 [64.5-68.1]","60.8 [49.5-71.0]","97.5 [97.0-97.9]","91.2 [85.2-94.9]"
"Cambodia"," 2010"," DHS","35.4 [34.0-36.9]","18.8 [14.2-24.6]","51.3 [49.9-52.8]","27.1 [21.9-32.9]","51.6 [49.8-53.4]","43.4 [33.5-53.8]","75.8 [74.3-77.3]","64.9 [55.7-73.1]"
"Cambodia"," 2005"," DHS","27.7 [26.3-29.1]","13.7 [10.1-18.4]","40.7 [39.3-42.1]","20.8 [16.0-26.7]","42.1 [40.2-44.0]","29.5 [22.0-38.3]","61.9 [60.2-63.6]","44.7 [35.0-54.9]"
"Cambodia"," 2000"," DHS","19.4 [18.2-20.6]","7.0 [4.8-10.2]","24.6 [23.2-25.9]","8.9 [6.3-12.6]","35.7 [33.7-37.7]","18.4 [13.0-25.3]","45.3 [43.2-47.4]","23.3 [16.7-31.5]"
"Cameroon"," 2014"," MICS","16.7 [15.3-18.1]","9.3 [6.6-13.1]","35.2 [33.1-37.3]","24.2 [19.7-29.4]","No data","No data","No data","No data"
"Cameroon"," 2011"," DHS","14.6 [13.6-15.7]","12.2 [9.6-15.4]","24.1 [22.6-25.6]","16.1 [13.1-19.7]","30.9 [29.2-32.6]","29.2 [24.1-35.0]","50.8 [48.5-53.0]","38.6 [32.8-44.7]"
"Cameroon"," 2006"," MICS","12.5 [11.1-14.0]","6.5 [4.3-9.9]","30.3 [27.6-33.1]","16.6 [13.0-21.1]","No data","No data","No data","No data"
"Cameroon"," 2004"," DHS","12.8 [11.9-13.8]","14.8 [12.0-18.2]","26.3 [24.9-27.7]","23.6 [20.5-27.1]","27.5 [25.8-29.3]","34.4 [28.6-40.7]","56.4 [54.3-58.5]","54.8 [48.7-60.7]"
"Cameroon"," 1998"," DHS","7.7 [6.7-8.8]","2.5 [1.4-4.5]","19.9 [18.2-21.7]","15.4 [11.5-20.3]","19.6 [17.3-22.1]","6.8 [3.8-11.9]","50.5 [46.9-54.1]","41.9 [33.1-51.2]"
"Central African Republic"," 2010"," MICS","9.7 [8.3-11.4]","6.7 [4.7-9.5]","15.5 [13.9-17.3]","13.0 [10.4-16.2]","No data","No data","No data","No data"
"Central African Republic"," 2006"," MICS","8.4 [6.8-10.3]","9.3 [7.0-12.3]","19.0 [16.8-21.3]","19.3 [16.2-22.8]","24.1 [20.3-28.4]","23.6 [18.2-29.9]","46.9 [43.3-50.6]","43.5 [37.5-49.7]"
"Central African Republic"," 1994"," DHS","3.5 [2.8-4.2]","1.5 [0.6-3.7]","15.1 [13.8-16.5]","12.5 [9.3-16.5]","11.0 [9.1-13.3]","5.5 [2.3-12.5]","48.0 [44.7-51.2]","45.6 [36.7-54.8]"
"Chad"," 2014"," DHS","5.4 [4.7-6.2]","2.3 [1.5-3.4]","6.0 [5.2-6.9]","2.9 [1.8-4.8]","19.1 [16.7-21.8]","9.0 [6.1-12.9]","21.2 [18.7-24.0]","11.5 [7.3-17.8]"
"Chad"," 2010"," MICS","1.7 [1.4-2.1]","0.9 [0.5-1.6]","4.9 [4.1-5.8]","4.4 [3.0-6.4]","No data","No data","No data","No data"
"Chad"," 2004"," DHS","1.7 [1.2-2.2]","1.4 [0.8-2.3]","11.6 [9.9-13.4]","7.4 [4.7-11.6]","5.4 [4.1-7.1]","5.4 [3.2-9.0]","37.6 [33.3-42.1]","28.7 [20.1-39.1]"
"Chad"," 1996"," DHS","1.2 [0.9-1.6]","0.8 [0.4-1.6]","4.3 [3.7-5.0]","3.1 [2.2-4.4]","8.5 [6.7-10.7]","7.9 [4.2-14.3]","30.1 [26.9-33.5]","29.0 [21.1-38.4]"
"Colombia"," 2015"," DHS","76.6 [75.4-77.8]","60.5 [56.3-64.5]","81.7 [80.5-82.8]","64.4 [60.3-68.3]","87.2 [86.3-88.0]","71.5 [67.6-75.2]","93.9 [93.3-94.5]","81.1 [77.7-84.2]"
"Colombia"," 2010"," DHS","73.8 [73.1-74.5]","55.1 [51.7-58.4]","80.0 [79.3-80.6]","60.5 [57.2-63.8]","84.6 [84.0-85.2]","64.9 [61.3-68.3]","93.0 [92.5-93.4]","76.6 [73.4-79.6]"
"Colombia"," 2005"," DHS","69.2 [68.3-70.0]","47.1 [43.0-51.4]","79.2 [78.5-80.0]","57.2 [53.0-61.2]","80.0 [79.2-80.8]","59.4 [54.9-63.8]","93.9 [93.4-94.4]","79.5 [75.9-82.7]"
"Colombia"," 2000"," DHS","65.1 [63.7-66.5]","45.0 [39.5-50.7]","78.1 [76.9-79.2]","57.2 [51.8-62.4]","75.3 [73.9-76.7]","55.0 [48.9-61.0]","93.7 [92.9-94.3]","79.0 [73.3-83.8]"
"Colombia"," 1995"," DHS","60.5 [59.0-61.9]","36.7 [31.4-42.3]","73.3 [72.0-74.5]","50.7 [45.0-56.4]","72.5 [71.0-73.9]","49.5 [42.8-56.2]","91.2 [90.3-92.1]","78.2 [72.4-83.0]"
"Comoros"," 2012"," DHS","14.2 [12.6-16.0]","13.5 [8.9-19.8]","19.3 [17.3-21.6]","19.7 [14.1-26.7]","28.2 [25.3-31.3]","20.1 [13.3-29.1]","38.8 [35.3-42.5]","29.3 [21.6-38.5]"
"Comoros"," 1996"," DHS","11.8 [10.0-13.8]","4.7 [1.8-11.6]","21.6 [19.3-24.0]","10.5 [4.9-20.9]","21.3 [18.4-24.5]","7.5 [3.0-17.5]","39.0 [35.3-42.9]","17.0 [8.2-32.0]"
"Congo"," 2011"," DHS","19.5 [17.9-21.3]","26.3 [20.9-32.6]","45.3 [43.4-47.2]","36.2 [30.1-42.8]","31.3 [29.0-33.8]","37.1 [30.4-44.3]","72.7 [70.4-74.9]","51.0 [43.2-58.7]"
"Congo"," 2005"," DHS","12.8 [11.4-14.3]","11.1 [7.2-16.7]","44.8 [42.4-47.2]","37.2 [30.7-44.2]","20.1 [18.1-22.3]","16.3 [10.9-23.8]","70.6 [68.1-72.9]","54.8 [45.6-63.7]"
"Costa Rica"," 2011"," MICS","75.2 [71.7-78.5]","64.1 [48.9-76.8]","76.8 [73.3-80.0]","64.1 [48.9-76.8]","No data","No data","No data","No data"
"Costa Rica"," 1992"," RHS","66.0 [63.9-68.1]","No data","76.4 [74.4-78.2]","No data","No data","No data","No data","No data"
"C么te d'Ivoire"," 2011"," DHS","12.9 [11.5-14.3]","6.9 [4.4-10.7]","18.7 [16.9-20.7]","11.0 [7.7-15.4]","28.1 [25.5-30.9]","18.3 [11.7-27.4]","40.8 [37.3-44.5]","29.2 [20.6-39.7]"
"C么te d'Ivoire"," 2006"," MICS","9.4 [8.2-10.9]","12.5 [8.4-18.3]","14.5 [12.7-16.4]","16.3 [11.9-21.9]","22.9 [19.9-26.0]","25.6 [17.8-35.3]","32.9 [29.4-36.6]","32.9 [25.0-41.9]"
"C么te d'Ivoire"," 1998"," DHS","7.6 [6.1-9.4]","4.3 [2.2-8.5]","15.5 [13.2-18.0]","10.7 [6.1-18.2]","17.3 [14.1-21.1]","13.1 [6.3-25.4]","35.4 [31.2-39.9]","32.4 [18.3-50.5]"
"C么te d'Ivoire"," 1994"," DHS","4.5 [3.9-5.2]","2.4 [1.4-4.1]","11.7 [10.6-12.9]","8.7 [6.6-11.4]","11.7 [10.2-13.3]","6.5 [3.9-10.7]","30.2 [27.5-33.0]","23.7 [18.8-29.4]"
"Cuba"," 2014"," MICS","72.4 [69.6-75.0]","59.9 [44.6-73.4]","74.0 [71.2-76.6]","59.9 [44.6-73.4]","No data","No data","No data","No data"
"Cuba"," 2010"," MICS","73.4 [70.8-75.8]","67.0 [52.0-79.1]","74.6 [72.1-76.9]","67.0 [52.0-79.1]","No data","No data","No data","No data"
"Cuba"," 2006"," MICS","74.2 [72.5-75.7]","54.8 [50.7-58.8]","75.3 [73.7-76.8]","55.0 [50.9-58.9]","91.7 [90.6-92.6]","76.8 [72.1-80.9]","92.2 [91.1-93.1]","77.0 [72.4-81.1]"
"Democratic Republic of the Congo"," 2013"," DHS","8.0 [7.0-9.1]","5.4 [3.8-7.8]","21.0 [18.9-23.4]","12.5 [9.8-15.8]","16.8 [14.9-18.9]","12.8 [8.9-18.0]","44.2 [40.5-48.0]","29.3 [23.6-35.7]"
"Democratic Republic of the Congo"," 2010"," MICS","5.5 [4.7-6.5]","3.7 [2.2-6.1]","18.1 [16.3-20.1]","12.9 [9.3-17.5]","No data","No data","No data","No data"
"Democratic Republic of the Congo"," 2007"," DHS","5.9 [4.8-7.2]","4.4 [2.6-7.4]","21.1 [19.1-23.2]","14.5 [10.0-20.6]","13.0 [10.7-15.7]","10.8 [6.3-17.9]","46.6 [43.0-50.1]","35.7 [25.3-47.5]"
"Djibouti"," 2006"," MICS","17.1 [14.8-19.7]","16.3 [6.2-36.4]","17.9 [15.6-20.4]","16.3 [6.2-36.4]","43.4 [38.5-48.4]","No data","44.5 [39.8-49.4]","No data"
"Dominican Republic"," 2014"," MICS","69.2 [68.0-70.4]","51.2 [47.0-55.5]","70.7 [69.4-71.9]","52.4 [48.2-56.7]","No data","No data","No data","No data"
"Dominican Republic"," 2013"," DHS","70.0 [68.1-71.8]","51.7 [45.1-58.2]","73.2 [71.4-75.0]","54.5 [47.6-61.2]","84.5 [82.5-86.3]","62.7 [55.2-69.6]","88.4 [86.7-90.0]","66.1 [58.4-73.0]"
"Dominican Republic"," 2007"," DHS","71.9 [70.9-73.0]","43.8 [39.5-48.3]","74.9 [73.8-75.8]","45.8 [41.5-50.2]","84.6 [83.7-85.5]","59.3 [54.1-64.4]","88.1 [87.3-88.8]","62.0 [57.0-66.9]"
"Dominican Republic"," 2002"," DHS","68.0 [67.0-69.1]","37.6 [33.3-42.2]","72.0 [71.0-72.9]","41.5 [37.2-46.0]","82.2 [81.2-83.3]","51.5 [46.3-56.6]","88.6 [87.7-89.5]","60.3 [55.4-65.0]"
"Dominican Republic"," 1999"," DHS","66.5 [62.4-70.4]","28.1 [15.7-45.2]","71.7 [67.2-75.9]","32.5 [19.3-49.2]","79.7 [76.5-82.5]","41.2 [23.5-61.4]","86.8 [84.0-89.2]","64.0 [43.4-80.5]"
"Dominican Republic"," 1996"," DHS","61.9 [60.2-63.6]","28.8 [23.7-34.4]","66.2 [64.5-67.9]","34.9 [29.7-40.5]","78.4 [76.8-80.0]","45.1 [38.0-52.3]","85.7 [84.5-86.9]","58.8 [51.8-65.5]"
"Ecuador"," 2004"," RHS","59.0 [57.1-61.0]","No data","73.6 [71.9-75.2]","No data","No data","No data","No data","No data"
"Ecuador"," 1999"," RHS","52.2 [50.3-54.0]","No data","67.7 [66.1-69.3]","No data","No data","No data","No data","No data"
"Ecuador"," 1994"," RHS","45.0 [43.1-46.8]","No data","56.0 [54.0-58.0]","No data","No data","No data","No data","No data"
"Egypt"," 2014"," DHS","58.3 [57.3-59.4]","18.9 [15.7-22.6]","60.0 [58.9-61.0]","20.5 [17.1-24.4]","81.9 [80.9-82.8]","63.2 [55.5-70.3]","85.9 [85.0-86.7]","73.6 [65.6-80.2]"
"Egypt"," 2008"," DHS","59.2 [58.2-60.1]","19.8 [16.5-23.5]","61.8 [60.9-62.7]","23.4 [19.9-27.4]","82.3 [81.5-83.2]","62.1 [54.3-69.2]","87.2 [86.4-87.9]","75.2 [68.3-81.0]"
"Egypt"," 2005"," DHS","58.0 [55.9-60.1]","24.1 [19.0-30.0]","60.7 [58.7-62.7]","26.3 [21.1-32.3]","80.5 [78.7-82.2]","66.0 [56.1-74.7]","85.7 [84.1-87.1]","75.3 [65.2-83.2]"
"Egypt"," 2000"," DHS","55.3 [54.2-56.3]","22.0 [18.6-25.8]","57.5 [56.4-58.6]","23.4 [19.8-27.5]","79.9 [78.8-80.9]","65.5 [58.2-72.1]","84.5 [83.6-85.4]","70.7 [63.2-77.3]"
"Egypt"," 1995"," DHS","47.0 [45.9-48.1]","15.8 [12.7-19.6]","49.5 [48.3-50.6]","16.1 [12.9-19.9]","70.4 [69.2-71.5]","50.5 [42.4-58.5]","76.0 [74.9-77.2]","52.1 [44.1-60.1]"
"El Salvador"," 2014"," MICS","68.3 [66.7-69.9]","58.3 [52.7-63.7]","72.7 [71.2-74.2]","61.1 [55.5-66.4]","No data","No data","No data","No data"
"El Salvador"," 2008"," RHS","66.2 [64.7-67.7]","No data","73.7 [72.3-75.1]","No data","No data","No data","No data","No data"
"El Salvador"," 2002"," RHS","63.2 [61.4-65.1]","No data","68.4 [66.4-70.3]","No data","No data","No data","No data","No data"
"El Salvador"," 1998"," RHS","57.0 [55.2-58.9]","No data","62.5 [60.6-64.3]","No data","No data","No data","No data","No data"
"El Salvador"," 1993"," RHS","51.3 [48.1-54.6]","No data","56.5 [53.0-59.9]","No data","No data","No data","No data","No data"
"Eswatini"," 2014"," MICS","65.9 [63.7-68.1]","46.2 [31.0-62.1]","66.5 [64.2-68.7]","49.1 [33.6-64.9]","No data","No data","No data","No data"
"Eswatini"," 2010"," MICS","63.2 [60.9-65.5]","54.2 [39.1-68.6]","65.5 [63.1-67.8]","54.2 [39.1-68.6]","No data","No data","No data","No data"
"Eswatini"," 2006"," DHS","47.9 [45.6-50.2]","42.8 [33.3-52.8]","51.0 [48.7-53.3]","42.8 [33.3-52.8]","64.1 [61.4-66.8]","62.5 [50.4-73.2]","68.2 [65.6-70.7]","62.5 [50.4-73.2]"
"Ethiopia"," 2011"," DHS","27.7 [25.5-30.0]","23.0 [18.4-28.3]","29.0 [26.8-31.3]","23.8 [19.1-29.1]","51.6 [48.5-54.6]","40.6 [33.2-48.6]","54.0 [50.9-57.1]","42.0 [34.4-50.1]"
"Ethiopia"," 2005"," DHS","14.4 [13.1-15.7]","8.6 [6.2-11.7]","15.2 [13.9-16.6]","8.9 [6.5-12.1]","29.4 [27.0-31.9]","18.2 [13.1-24.6]","31.6 [29.1-34.2]","19.4 [14.1-26.2]"
"Ethiopia"," 2000"," DHS","6.6 [5.8-7.6]","3.0 [1.9-4.9]","8.5 [7.6-9.5]","3.9 [2.3-6.5]","15.3 [13.4-17.4]","7.5 [4.7-11.7]","19.5 [17.6-21.5]","9.5 [5.7-15.4]"
"Gabon"," 2012"," DHS","19.6 [17.6-21.9]","15.6 [10.2-23.0]","31.5 [29.1-34.0]","24.9 [18.5-32.7]","34.3 [31.0-37.7]","23.6 [15.9-33.4]","55.0 [51.4-58.5]","37.8 [28.9-47.5]"
"Gabon"," 2000"," DHS","11.7 [10.6-13.0]","12.2 [9.5-15.6]","32.1 [30.3-33.9]","40.1 [35.0-45.5]","19.6 [17.7-21.6]","17.6 [13.6-22.5]","53.5 [50.9-56.0]","58.0 [52.0-63.7]"
"Gambia"," 2013"," DHS","8.6 [7.3-10.1]","2.2 [1.0-4.7]","9.5 [8.2-11.0]","3.3 [1.4-7.8]","24.6 [21.6-27.8]","10.4 [5.2-19.8]","27.6 [24.5-31.0]","15.7 [6.8-32.3]"
"Gambia"," 2005"," MICS","No data","No data","No data","No data","No data","No data","No data","No data"
"Georgia"," 2005"," MICS","20.1 [18.5-21.7]","8.6 [4.9-14.9]","31.9 [29.9-34.0]","17.1 [11.6-24.5]","No data","No data","No data","No data"
"Ghana"," 2014"," DHS","22.3 [20.6-24.1]","16.7 [10.0-26.5]","26.8 [24.9-28.9]","18.6 [11.5-28.6]","39.4 [36.7-42.1]","24.1 [14.4-37.5]","50.2 [47.4-53.0]","28.9 [18.3-42.4]"
"Ghana"," 2011"," MICS","23.6 [22.1-25.2]","12.1 [6.8-20.9]","35.1 [33.1-37.0]","17.0 [10.9-25.6]","No data","No data","No data","No data"
"Ghana"," 2008"," DHS","16.8 [15.2-18.6]","7.6 [3.5-15.9]","23.8 [21.8-25.9]","13.6 [7.4-23.8]","28.9 [26.3-31.6]","10.1 [4.6-20.8]","40.8 [37.8-43.9]","18.1 [9.8-31.0]"
"Ghana"," 2006"," MICS","13.8 [12.2-15.5]","6.0 [2.6-13.3]","16.9 [15.0-18.9]","8.1 [4.0-15.9]","No data","No data","No data","No data"
"Ghana"," 2003"," DHS","19.1 [17.6-20.8]","6.9 [3.7-12.4]","25.8 [24.0-27.8]","8.4 [5.0-13.9]","32.5 [30.2-34.9]","10.5 [5.6-18.8]","43.8 [41.2-46.5]","12.9 [7.5-21.2]"
"Ghana"," 1998"," DHS","13.3 [12.1-14.7]","12.6 [7.8-19.7]","22.1 [20.5-23.8]","19.2 [12.7-28.0]","24.3 [22.0-26.6]","18.3 [11.5-27.8]","40.2 [37.6-42.9]","27.9 [18.9-39.1]"
"Ghana"," 1993"," DHS","10.2 [9.2-11.4]","8.1 [4.9-13.0]","20.6 [19.1-22.3]","13.0 [8.7-19.0]","18.1 [16.3-19.9]","13.3 [8.1-21.1]","36.5 [34.1-38.9]","21.4 [14.4-30.6]"
"Guatemala"," 2014"," DHS","50.4 [49.1-51.7]","31.3 [28.0-34.8]","62.3 [61.1-63.6]","40.1 [36.6-43.7]","66.4 [65.1-67.8]","50.2 [45.5-54.9]","84.3 [83.3-85.3]","66.8 [62.1-71.2]"
"Guatemala"," 2008"," RHS","No data","No data","No data","No data","No data","No data","No data","No data"
"Guatemala"," 2002"," RHS","35.7 [33.9-37.5]","No data","44.9 [43.1-46.7]","No data","No data","No data","No data","No data"
"Guatemala"," 1998"," DHS","32.5 [28.2-37.2]","11.7 [6.6-19.7]","40.3 [35.2-45.6]","14.6 [8.9-22.9]","50.7 [45.9-55.6]","29.0 [17.2-44.6]","64.3 [58.7-69.5]","36.8 [24.0-51.9]"
"Guatemala"," 1995"," DHS","28.3 [26.0-30.7]","10.2 [6.4-15.9]","33.0 [30.5-35.7]","12.1 [8.1-17.5]","48.8 [45.8-51.9]","24.7 [16.3-35.6]","58.6 [55.6-61.6]","30.2 [21.8-40.2]"
"Guinea"," 2012"," DHS","4.9 [4.1-5.8]","2.6 [1.5-4.3]","5.9 [5.0-6.9]","2.8 [1.7-4.5]","17.0 [14.5-19.8]","9.9 [5.8-16.4]","20.6 [17.9-23.5]","10.8 [6.5-17.3]"
"Guinea"," 2005"," DHS","5.7 [5.0-6.6]","5.0 [3.2-7.7]","9.1 [8.2-10.1]","8.8 [6.6-11.7]","18.8 [16.6-21.3]","17.2 [11.3-25.4]","29.9 [27.3-32.7]","30.4 [23.4-38.4]"
"Guinea"," 1999"," DHS","4.4 [3.8-5.2]","2.3 [1.4-3.8]","6.6 [5.6-7.6]","3.4 [2.2-5.2]","14.2 [12.2-16.5]","10.0 [6.2-15.7]","21.0 [18.4-23.9]","14.7 [9.8-21.5]"
"Guinea-Bissau"," 2014"," MICS","12.3 [11.0-13.8]","4.1 [1.9-8.5]","16.4 [14.8-18.0]","7.7 [4.5-12.7]","No data","No data","No data","No data"
"Guinea-Bissau"," 2006"," MICS","6.1 [5.1-7.4]","5.1 [3.3-8.0]","10.5 [9.2-12.0]","7.2 [4.9-10.6]","18.7 [15.8-22.0]","13.5 [8.7-20.4]","29.9 [26.6-33.5]","18.3 [12.6-25.8]"
"Guyana"," 2014"," MICS","34.1 [31.8-36.4]","12.4 [8.7-17.4]","35.5 [33.2-37.8]","12.9 [9.1-18.0]","No data","No data","No data","No data"
"Guyana"," 2009"," DHS","40.6 [38.4-42.8]","29.8 [20.9-40.5]","43.2 [41.0-45.5]","29.8 [20.9-40.5]","56.9 [54.0-59.7]","46.0 [34.5-57.9]","60.6 [57.8-63.4]","46.0 [34.5-57.9]"
"Guyana"," 2006"," MICS","33.4 [31.1-35.7]","19.7 [13.2-28.4]","34.9 [32.6-37.2]","19.7 [13.2-28.4]","50.1 [46.9-53.2]","36.9 [25.4-50.0]","51.9 [48.8-55.0]","36.9 [25.4-50.0]"
"Haiti"," 2012"," DHS","31.7 [29.9-33.5]","24.0 [18.8-30.2]","35.0 [33.2-36.8]","25.6 [20.1-32.1]","45.9 [43.8-48.0]","29.2 [23.1-36.2]","50.7 [48.6-52.8]","31.2 [24.7-38.5]"
"Haiti"," 2005"," DHS","25.2 [23.6-26.9]","20.2 [15.5-25.9]","32.3 [30.6-34.0]","28.5 [23.2-34.5]","36.7 [34.4-39.0]","25.0 [19.1-31.9]","47.1 [44.8-49.3]","35.3 [28.9-42.2]"
"Haiti"," 2000"," DHS","23.8 [21.7-25.9]","9.2 [5.9-14.0]","28.9 [27.0-30.8]","16.4 [11.1-23.7]","35.3 [32.2-38.6]","12.3 [8.2-18.1]","42.9 [40.2-45.7]","22.0 [15.5-30.3]"
"Haiti"," 1994"," DHS","13.6 [12.0-15.3]","7.7 [4.3-13.2]","18.4 [16.6-20.4]","10.7 [6.8-16.4]","22.0 [19.6-24.7]","10.6 [6.0-18.1]","29.8 [27.1-32.6]","14.8 [9.4-22.5]"
"Honduras"," 2011"," DHS","65.3 [64.2-66.3]","49.4 [45.9-52.9]","74.9 [74.0-75.9]","55.7 [52.1-59.1]","76.7 [75.6-77.7]","67.2 [63.2-70.9]","89.3 [88.6-90.0]","78.5 [74.9-81.6]"
"Honduras"," 2005"," DHS","57.8 [56.6-58.9]","39.9 [36.6-43.4]","66.9 [65.7-68.0]","45.9 [42.3-49.6]","69.6 [68.5-70.7]","55.7 [51.7-59.6]","80.6 [79.6-81.6]","64.0 [59.9-67.9]"
"Honduras"," 2001"," RHS","53.0 [50.9-55.2]","No data","64.0 [62.0-65.9]","No data","No data","No data","No data","No data"
"Honduras"," 1996"," RHS","42.9 [40.5-45.3]","No data","51.9 [49.6-54.2]","No data","No data","No data","No data","No data"
"Honduras"," 1991"," RHS","36.2 [33.8-38.7]","No data","47.9 [45.6-50.3]","No data","No data","No data","No data","No data"
"India"," 2005"," DHS","51.8 [51.1-52.4]","6.9 [6.1-7.8]","59.7 [59.0-60.4]","13.0 [11.8-14.2]","72.2 [71.6-72.9]","17.1 [15.2-19.2]","84.0 [83.4-84.5]","34.1 [31.4-36.8]"
"India"," 1998"," DHS","46.9 [46.2-47.5]","4.7 [4.2-5.3]","52.5 [51.9-53.1]","8.1 [7.3-8.9]","69.9 [69.2-70.6]","13.4 [11.9-15.1]","78.2 [77.7-78.8]","22.9 [20.9-24.9]"
"Indonesia"," 2012"," DHS","58.1 [57.2-59.1]","47.6 [42.7-52.6]","62.2 [61.3-63.2]","48.1 [43.1-53.0]","81.9 [81.1-82.7]","86.3 [82.4-89.4]","88.6 [87.9-89.3]","87.5 [83.7-90.5]"
"Indonesia"," 2007"," DHS","57.7 [56.7-58.7]","46.2 [41.0-51.4]","61.8 [60.8-62.7]","46.8 [41.7-52.1]","81.2 [80.2-82.1]","81.5 [76.5-85.7]","87.2 [86.5-88.0]","82.7 [77.7-86.8]"
"Indonesia"," 2002"," DHS","57.1 [55.5-58.6]","46.8 [41.5-52.2]","60.8 [59.3-62.2]","47.3 [41.9-52.7]","81.2 [80.0-82.4]","86.2 [81.4-89.9]","87.6 [86.7-88.5]","87.4 [82.7-91.0]"
"Indonesia"," 1997"," DHS","55.2 [54.0-56.5]","44.3 [39.6-49.1]","58.0 [56.8-59.3]","44.5 [39.8-49.3]","81.2 [80.0-82.3]","82.0 [77.0-86.1]","86.5 [85.5-87.4]","83.2 [78.2-87.1]"
"Indonesia"," 1994"," DHS","52.9 [51.7-54.1]","35.6 [30.7-40.8]","55.7 [54.5-56.9]","36.4 [31.6-41.5]","78.9 [77.7-79.9]","69.5 [62.9-75.3]","84.4 [83.4-85.4]","73.4 [67.2-78.7]"
"Iraq"," 2011"," MICS","35.3 [34.5-36.2]","11.1 [9.4-13.1]","54.9 [54.0-55.8]","21.0 [18.6-23.6]","No data","No data","No data","No data"
"Iraq"," 2006"," MICS","34.7 [33.7-35.8]","10.0 [8.1-12.2]","52.3 [51.1-53.5]","20.5 [17.8-23.5]","65.7 [64.2-67.1]","37.4 [31.3-44.0]","83.1 [82.0-84.1]","62.5 [56.5-68.2]"
"Jamaica"," 2011"," MICS","No data","No data","No data","No data","No data","No data","No data","No data"
"Jamaica"," 2005"," MICS","No data","No data","No data","No data","No data","No data","No data","No data"
"Jordan"," 2012"," DHS","42.8 [41.4-44.3]","21.8 [14.0-32.4]","62.0 [60.6-63.4]","27.5 [19.3-37.6]","57.8 [56.1-59.5]","53.8 [37.4-69.4]","86.9 [85.4-88.3]","72.9 [55.7-85.1]"
"Jordan"," 2007"," DHS","42.6 [40.9-44.2]","15.1 [8.8-24.8]","57.9 [56.1-59.5]","24.4 [16.0-35.2]","59.0 [57.0-60.9]","40.2 [25.2-57.3]","83.4 [81.9-84.7]","75.6 [58.0-87.4]"
"Jordan"," 2002"," DHS","42.0 [40.2-43.8]","13.4 [8.4-20.7]","56.7 [54.9-58.5]","21.3 [14.9-29.5]","59.6 [57.6-61.5]","31.7 [20.1-46.1]","84.7 [83.3-86.0]","56.2 [41.6-69.7]"
"Jordan"," 1997"," DHS","38.7 [37.2-40.2]","12.4 [8.5-17.7]","53.9 [52.3-55.5]","19.0 [14.4-24.7]","53.3 [51.6-55.1]","31.0 [21.7-42.1]","80.7 [79.2-82.1]","54.1 [41.9-65.9]"
"Kazakhstan"," 2015"," MICS","52.9 [51.4-54.5]","25.5 [16.6-37.1]","55.8 [54.1-57.4]","30.1 [20.5-41.8]","No data","No data","No data","No data"
"Kazakhstan"," 2010"," MICS","49.9 [48.6-51.1]","18.4 [12.0-27.4]","51.3 [50.1-52.6]","19.2 [12.6-28.2]","No data","No data","No data","No data"
"Kazakhstan"," 2006"," MICS","49.0 [47.3-50.8]","28.5 [20.1-38.7]","51.0 [49.2-52.8]","31.7 [22.8-42.2]","No data","No data","No data","No data"
"Kazakhstan"," 1999"," DHS","53.6 [50.7-56.5]","16.0 [7.9-29.6]","66.7 [64.2-69.1]","38.3 [22.0-57.8]","70.8 [68.0-73.5]","30.0 [15.8-49.5]","88.6 [87.1-90.0]","74.1 [51.4-88.6]"
"Kazakhstan"," 1995"," DHS","47.1 [44.7-49.5]","14.4 [7.3-26.3]","60.0 [56.9-63.0]","31.5 [19.8-46.2]","62.3 [59.3-65.2]","28.0 [14.6-46.9]","79.4 [76.8-81.8]","61.2 [42.5-77.1]"
"Kenya"," 2014"," DHS","54.2 [53.1-55.3]","36.8 [32.2-41.8]","58.7 [57.6-59.8]","40.2 [35.5-45.1]","71.5 [70.0-73.1]","56.0 [46.3-65.2]","79.4 [78.0-80.7]","64.7 [55.9-72.6]"
"Kenya"," 2008"," DHS","40.3 [38.0-42.7]","19.6 [12.7-28.9]","46.5 [44.0-49.0]","22.5 [14.9-32.5]","56.1 [53.5-58.6]","37.5 [26.3-50.2]","64.6 [62.2-67.0]","43.1 [31.1-56.0]"
"Kenya"," 2003"," DHS","32.9 [30.7-35.2]","12.7 [9.4-16.8]","41.0 [38.7-43.3]","16.4 [12.7-20.9]","48.9 [46.0-51.8]","27.5 [20.9-35.1]","63.9 [61.4-66.4]","39.7 [32.0-47.9]"
"Kenya"," 1998"," DHS","32.8 [31.1-34.6]","10.1 [6.8-14.9]","40.3 [38.5-42.1]","18.0 [13.6-23.6]","49.8 [47.5-52.1]","21.2 [14.4-30.0]","64.0 [61.7-66.3]","44.2 [36.0-52.7]"
"Kenya"," 1993"," DHS","28.6 [26.7-30.5]","6.1 [3.5-10.4]","34.1 [32.2-36.1]","10.3 [6.8-15.2]","41.3 [38.9-43.7]","11.7 [6.8-19.6]","49.3 [46.8-51.7]","19.7 [13.0-28.7]"
"Kyrgyzstan"," 2014"," MICS","39.4 [37.5-41.5]","9.7 [5.1-17.8]","42.7 [40.7-44.8]","17.4 [11.4-25.5]","No data","No data","No data","No data"
"Kyrgyzstan"," 2012"," DHS","34.6 [32.9-36.2]","5.2 [2.7-9.8]","37.3 [35.5-39.0]","5.2 [2.7-9.8]","61.6 [59.2-64.0]","34.8 [18.6-55.5]","67.7 [65.2-70.1]","34.8 [18.6-55.5]"
"Kyrgyzstan"," 2005"," MICS","46.4 [43.5-49.2]","14.7 [7.6-26.4]","48.7 [45.9-51.6]","14.7 [7.6-26.4]","74.7 [71.3-77.8]","45.9 [25.9-67.3]","77.2 [73.8-80.3]","45.9 [25.9-67.3]"
"Kyrgyzstan"," 1997"," DHS","49.9 [46.4-53.3]","20.5 [13.1-30.8]","60.6 [57.6-63.5]","29.3 [20.5-40.0]","69.0 [65.3-72.5]","50.3 [30.1-70.4]","83.9 [81.6-85.9]","71.8 [51.6-85.8]"
"Lao People's Democratic Republic"," 2011"," MICS","43.5 [42.2-44.8]","22.3 [19.5-25.3]","51.3 [49.9-52.7]","26.2 [23.3-29.3]","No data","No data","No data","No data"
"Lao People's Democratic Republic"," 2006"," MICS","No data","No data","No data","No data","No data","No data","No data","No data"
"Lesotho"," 2014"," DHS","61.7 [59.3-64.0]","35.3 [28.6-42.6]","62.0 [59.7-64.4]","35.3 [28.6-42.6]","77.2 [75.1-79.3]","54.7 [45.9-63.2]","79.3 [77.2-81.2]","57.7 [48.9-66.0]"
"Lesotho"," 2009"," DHS","47.1 [44.9-49.3]","26.8 [21.7-32.5]","48.5 [46.4-50.6]","28.2 [23.1-33.9]","66.3 [63.9-68.7]","46.6 [38.5-54.8]","68.3 [66.0-70.6]","49.0 [40.9-57.2]"
"Lesotho"," 2004"," DHS","36.9 [34.8-39.1]","14.7 [10.8-19.8]","39.2 [37.1-41.4]","14.7 [10.8-19.8]","52.9 [50.2-55.5]","29.6 [21.9-38.5]","56.2 [53.6-58.7]","29.6 [21.9-38.5]"
"Liberia"," 2013"," DHS","19.5 [17.1-22.1]","13.2 [8.3-20.4]","20.6 [17.9-23.7]","13.2 [8.3-20.4]","38.4 [34.7-42.2]","22.1 [14.1-32.8]","41.7 [37.4-46.0]","22.4 [14.4-33.1]"
"Liberia"," 2007"," DHS","10.6 [9.1-12.3]","4.4 [2.1-8.8]","11.8 [10.2-13.6]","5.2 [2.7-9.8]","22.5 [19.6-25.7]","9.6 [4.8-18.4]","25.1 [22.1-28.4]","11.4 [6.0-20.5]"
"Madagascar"," 2008"," DHS","30.7 [29.2-32.3]","16.5 [13.8-19.5]","41.8 [40.2-43.5]","24.6 [21.5-28.0]","51.5 [49.4-53.6]","31.9 [27.7-36.5]","70.1 [68.3-71.8]","47.8 [43.1-52.4]"
"Madagascar"," 2003"," DHS","19.0 [16.6-21.6]","10.7 [6.8-16.3]","28.4 [25.3-31.8]","12.7 [8.8-18.2]","36.2 [32.6-40.0]","32.9 [21.5-46.8]","54.2 [50.2-58.2]","39.4 [27.4-52.8]"
"Madagascar"," 1997"," DHS","10.5 [8.9-12.4]","2.5 [1.3-4.7]","21.0 [19.0-23.1]","5.5 [3.5-8.7]","22.5 [19.4-25.8]","9.1 [4.9-16.4]","44.7 [41.5-47.8]","20.3 [13.0-30.1]"
"Malawi"," 2015"," DHS","59.8 [58.7-60.9]","37.5 [34.0-41.1]","61.0 [59.9-62.1]","38.1 [34.6-41.6]","75.9 [74.9-77.0]","62.9 [58.6-67.0]","78.1 [77.1-79.1]","64.3 [60.0-68.3]"
"Malawi"," 2013"," MICS","58.8 [57.6-60.1]","39.2 [35.2-43.5]","60.2 [58.9-61.4]","39.7 [35.5-43.9]","No data","No data","No data","No data"
"Malawi"," 2010"," DHS","43.5 [42.2-44.9]","26.4 [23.2-29.9]","47.5 [46.2-48.9]","28.8 [25.6-32.3]","59.0 [57.5-60.5]","49.1 [44.3-53.9]","64.4 [63.0-65.8]","53.6 [48.8-58.3]"
"Malawi"," 2006"," MICS","40.0 [38.6-41.3]","22.7 [20.1-25.5]","42.7 [41.4-44.0]","24.0 [21.5-26.8]","No data","No data","No data","No data"
"Malawi"," 2004"," DHS","29.4 [28.0-30.8]","16.6 [13.8-19.9]","33.9 [32.5-35.3]","18.9 [16.0-22.2]","46.3 [44.4-48.3]","36.0 [30.5-41.9]","56.1 [54.3-58.0]","43.6 [37.9-49.5]"
"Malawi"," 2000"," DHS","27.6 [26.1-29.1]","12.9 [10.4-15.9]","32.3 [30.9-33.8]","15.2 [12.6-18.1]","44.4 [42.2-46.5]","29.4 [24.2-35.2]","52.1 [50.1-54.0]","34.5 [29.2-40.3]"
"Maldives"," 2009"," DHS","27.3 [25.8-28.8]","9.6 [4.7-18.5]","35.1 [33.5-36.7]","15.0 [8.5-25.1]","42.7 [40.7-44.7]","16.7 [8.4-30.5]","56.2 [54.1-58.2]","36.6 [23.2-52.5]"
"Mali"," 2012"," DHS","10.2 [9.2-11.3]","6.5 [4.8-8.8]","10.7 [9.7-11.8]","6.7 [5.0-9.0]","32.0 [29.4-34.7]","23.5 [17.4-30.9]","33.7 [31.1-36.4]","24.3 [18.1-31.8]"
"Mali"," 2009"," MICS","8.3 [7.6-9.2]","5.4 [4.3-6.6]","10.3 [9.4-11.1]","6.2 [5.2-7.5]","No data","No data","No data","No data"
"Mali"," 2006"," DHS","7.0 [6.3-7.9]","5.8 [4.5-7.4]","8.3 [7.4-9.3]","7.7 [6.0-9.7]","18.1 [16.4-19.8]","13.5 [10.5-17.2]","21.4 [19.6-23.3]","17.8 [13.9-22.6]"
"Mali"," 2001"," DHS","6.0 [5.3-6.8]","3.6 [2.5-5.1]","8.5 [7.6-9.4]","4.9 [3.7-6.5]","16.4 [14.8-18.1]","9.9 [7.0-13.8]","23.1 [21.3-25.0]","13.5 [10.4-17.5]"
"Mali"," 1995"," DHS","4.7 [4.1-5.5]","2.4 [1.4-4.0]","7.0 [6.2-7.9]","4.6 [3.2-6.5]","14.7 [12.9-16.8]","6.9 [4.2-11.1]","21.7 [19.4-24.3]","13.3 [9.7-17.8]"
"Mauritania"," 2011"," MICS","10.3 [9.5-11.1]","6.9 [5.0-9.4]","11.7 [10.9-12.6]","8.7 [6.7-11.4]","No data","No data","No data","No data"
"Mauritania"," 2007"," MICS","8.3 [7.6-9.1]","4.9 [3.5-6.9]","9.7 [8.9-10.6]","5.5 [4.0-7.6]","24.2 [22.1-26.4]","21.2 [15.3-28.5]","27.7 [25.4-30.0]","23.7 [17.4-31.4]"
"Mexico"," 2015"," MICS","65.1 [62.2-67.8]","50.4 [42.9-58.0]","67.0 [64.5-69.5]","51.1 [43.6-58.7]","No data","No data","No data","No data"
"Mongolia"," 2013"," MICS","48.4 [47.2-49.6]","27.6 [18.6-38.9]","54.8 [53.6-56.0]","29.1 [19.8-40.5]","No data","No data","No data","No data"
"Mongolia"," 2010"," MICS","50.2 [48.5-51.9]","51.7 [37.0-66.2]","54.9 [53.3-56.6]","51.7 [37.0-66.2]","No data","No data","No data","No data"
"Mongolia"," 2005"," MICS","60.6 [58.7-62.4]","59.9 [44.9-73.3]","66.0 [64.2-67.7]","62.2 [47.2-75.3]","77.6 [75.9-79.2]","92.7 [74.8-98.2]","82.8 [81.3-84.1]","92.9 [75.5-98.2]"
"Montenegro"," 2013"," MICS","15.4 [13.0-18.3]","No data","23.3 [20.1-26.8]","No data","No data","No data","No data","No data"
"Montenegro"," 2005"," MICS","17.3 [14.3-20.8]","No data","39.7 [35.7-43.9]","No data","29.2 [24.4-34.5]","No data","59.9 [54.7-64.9]","No data"
"Morocco"," 2003"," DHS","55.6 [54.3-56.8]","35.9 [30.6-41.5]","64.0 [62.7-65.3]","38.4 [32.9-44.2]","73.0 [71.7-74.3]","72.8 [65.1-79.3]","86.8 [85.7-87.7]","82.1 [74.8-87.7]"
"Mozambique"," 2011"," DHS","12.1 [11.1-13.1]","5.8 [4.4-7.7]","12.4 [11.4-13.5]","5.9 [4.5-7.8]","34.5 [32.3-36.9]","20.5 [15.6-26.5]","36.3 [34.0-38.7]","21.2 [16.2-27.2]"
"Mozambique"," 2008"," MICS","12.4 [11.2-13.8]","7.8 [6.1-10.1]","16.6 [15.0-18.3]","13.0 [10.4-16.0]","No data","No data","No data","No data"
"Mozambique"," 2003"," DHS","21.4 [20.0-22.9]","15.8 [13.2-18.7]","26.2 [24.7-27.8]","20.0 [16.9-23.5]","47.8 [45.3-50.3]","42.9 [36.4-49.6]","58.5 [56.2-60.8]","54.5 [47.6-61.1]"
"Mozambique"," 1997"," DHS","5.7 [4.5-7.3]","0.6 [0.3-1.2]","6.3 [5.0-8.0]","0.6 [0.3-1.3]","20.0 [16.3-24.4]","2.3 [1.1-4.9]","22.2 [18.3-26.6]","2.6 [1.3-5.3]"
"Myanmar"," 2015"," DHS","51.2 [49.6-52.9]","53.2 [45.6-60.6]","52.2 [50.6-53.8]","54.0 [46.5-61.4]","74.7 [73.0-76.2]","73.0 [64.9-79.8]","77.1 [75.6-78.6]","74.1 [66.2-80.7]"
"Namibia"," 2013"," DHS","56.1 [53.9-58.2]","32.2 [22.5-43.7]","56.8 [54.6-58.9]","37.2 [27.0-48.6]","75.9 [73.7-77.9]","45.3 [32.8-58.5]","78.4 [76.3-80.3]","56.8 [43.4-69.2]"
"Namibia"," 2006"," DHS","54.0 [51.7-56.2]","39.1 [29.2-50.0]","55.6 [53.3-57.8]","40.9 [30.9-51.8]","71.4 [69.2-73.4]","51.7 [39.8-63.3]","73.5 [71.3-75.6]","54.1 [42.0-65.7]"
"Namibia"," 2000"," DHS","42.7 [39.5-46.0]","40.4 [28.2-53.8]","43.7 [40.5-47.0]","45.2 [31.2-60.1]","65.0 [61.4-68.5]","54.9 [39.4-69.5]","66.5 [63.0-69.9]","61.5 [44.5-76.0]"
"Nepal"," 2014"," MICS","49.1 [47.4-50.8]","16.6 [13.4-20.3]","51.6 [50.0-53.2]","19.2 [15.8-23.2]","No data","No data","No data","No data"
"Nepal"," 2011"," DHS","45.7 [43.6-47.8]","14.4 [11.3-18.3]","52.6 [50.5-54.6]","17.6 [14.3-21.4]","58.1 [55.8-60.3]","24.3 [19.7-29.6]","67.4 [65.4-69.3]","30.2 [25.0-35.9]"
"Nepal"," 2010"," MICS","53.5 [50.0-57.1]","20.4 [16.0-25.8]","54.7 [51.2-58.2]","20.9 [16.4-26.2]","No data","No data","No data","No data"
"Nepal"," 2006"," DHS","47.4 [43.7-51.1]","13.8 [11.3-16.8]","51.3 [47.8-54.8]","16.0 [13.2-19.1]","63.6 [59.8-67.2]","25.7 [21.2-30.7]","68.8 [65.4-72.1]","29.6 [25.3-34.4]"
"Nepal"," 2001"," DHS","38.7 [36.3-41.1]","9.3 [7.6-11.3]","42.8 [40.3-45.2]","12.0 [10.0-14.3]","55.6 [52.8-58.4]","19.5 [16.2-23.3]","61.5 [58.7-64.2]","25.2 [21.2-29.6]"
"Nepal"," 1996"," DHS","29.0 [26.8-31.3]","4.4 [3.4-5.6]","31.5 [29.2-33.9]","6.5 [5.1-8.3]","47.1 [44.3-49.8]","9.3 [7.3-11.8]","51.1 [48.3-54.0]","13.9 [10.9-17.5]"
"Nicaragua"," 2006"," RHS","69.9 [68.6-71.2]","No data","73.7 [72.4-74.9]","No data","No data","No data","No data","No data"
"Nicaragua"," 2001"," DHS","67.5 [66.2-68.8]","53.0 [48.8-57.2]","70.0 [68.7-71.3]","55.2 [50.8-59.6]","80.3 [79.1-81.5]","70.7 [66.5-74.5]","83.3 [82.1-84.4]","73.6 [69.5-77.4]"
"Nicaragua"," 1997"," DHS","59.6 [58.3-60.9]","38.2 [33.6-42.9]","62.8 [61.5-64.0]","39.8 [35.3-44.5]","77.1 [75.7-78.4]","55.9 [50.6-61.1]","82.9 [81.6-84.1]","59.9 [54.7-64.9]"
"Nicaragua"," 1992"," RHS","47.9 [45.1-50.7]","No data","51.6 [48.7-54.5]","No data","No data","No data","No data","No data"
"Niger"," 2012"," DHS","13.0 [11.8-14.3]","5.9 [4.4-7.9]","14.8 [13.5-16.2]","7.0 [5.4-9.1]","42.1 [39.1-45.1]","29.2 [22.8-36.7]","48.1 [45.0-51.2]","35.2 [28.3-42.7]"
"Niger"," 2006"," DHS","5.5 [4.7-6.3]","1.7 [0.9-2.9]","12.2 [10.9-13.7]","4.3 [3.2-5.7]","19.2 [16.6-22.0]","10.0 [5.7-17.1]","42.8 [39.6-46.1]","25.9 [20.1-32.8]"
"Niger"," 1998"," DHS","5.1 [4.3-6.0]","2.0 [1.3-3.2]","8.6 [7.6-9.8]","6.1 [4.7-7.9]","20.3 [17.6-23.3]","8.7 [5.5-13.5]","34.3 [30.9-37.8]","26.1 [20.2-32.9]"
"Nigeria"," 2013"," DHS","10.5 [9.8-11.3]","1.2 [0.7-1.9]","16.3 [15.3-17.3]","2.1 [1.5-3.0]","32.3 [30.7-34.1]","7.1 [4.5-11.1]","52.0 [50.0-54.0]","15.3 [11.3-20.4]"
"Nigeria"," 2011"," MICS","11.0 [10.2-11.8]","2.2 [1.4-3.4]","18.3 [17.2-19.4]","3.5 [2.5-5.0]","No data","No data","No data","No data"
"Nigeria"," 2008"," DHS","10.3 [9.7-11.0]","2.4 [1.7-3.4]","15.6 [14.6-16.6]","3.0 [2.2-4.1]","28.7 [27.3-30.2]","10.8 [7.8-14.9]","43.4 [41.5-45.4]","13.6 [10.1-18.0]"
"Nigeria"," 2007"," MICS","9.6 [8.6-10.7]","2.0 [1.1-3.7]","15.4 [14.0-17.0]","4.2 [2.8-6.4]","31.0 [28.2-33.8]","10.0 [5.6-17.3]","43.7 [40.6-46.7]","19.6 [13.4-27.6]"
"Nigeria"," 2003"," DHS","8.7 [7.8-9.8]","3.8 [1.8-8.0]","13.5 [12.2-15.0]","4.3 [2.2-8.3]","28.5 [25.8-31.4]","20.4 [9.7-37.9]","44.1 [40.8-47.4]","22.9 [11.7-39.8]"
"Nigeria"," 1999"," DHS","9.2 [8.0-10.5]","1.2 [0.6-2.7]","16.3 [14.9-17.8]","4.2 [2.5-6.7]","27.0 [24.2-30.1]","6.6 [3.1-13.4]","47.9 [45.1-50.8]","21.9 [14.0-32.5]"
"Pakistan"," 2012"," DHS","27.0 [25.6-28.5]","6.9 [4.5-10.5]","36.6 [34.9-38.3]","10.3 [7.4-14.2]","47.0 [45.1-49.0]","26.8 [18.0-38.0]","65.7 [63.5-67.8]","40.5 [30.5-51.5]"
"Pakistan"," 2006"," DHS","22.8 [21.7-24.0]","4.2 [2.7-6.4]","31.0 [29.7-32.4]","6.7 [4.4-10.0]","40.6 [38.9-42.3]","15.6 [9.9-23.7]","55.2 [53.4-57.0]","25.0 [17.1-35.0]"
"Panama"," 2013"," MICS","61.4 [58.6-64.1]","27.9 [21.3-35.6]","64.0 [61.1-66.7]","34.6 [27.4-42.5]","No data","No data","No data","No data"
"Paraguay"," 2008"," RHS","70.4 [68.6-72.1]","No data","82.0 [80.5-83.4]","No data","No data","No data","No data","No data"
"Paraguay"," 2004"," RHS","61.2 [59.2-63.1]","No data","73.4 [71.5-75.2]","No data","No data","No data","No data","No data"
"Paraguay"," 1998"," RHS","48.4 [44.7-52.2]","No data","58.4 [54.7-61.9]","No data","No data","No data","No data","No data"
"Paraguay"," 1995"," RHS","42.3 [39.9-44.6]","No data","56.8 [55.0-58.6]","No data","No data","No data","No data","No data"
"Peru"," 2012"," DHS","51.8 [50.4-53.2]","50.6 [45.4-55.8]","75.8 [74.7-76.9]","66.6 [61.7-71.1]","61.2 [59.7-62.6]","59.0 [53.5-64.3]","90.6 [89.9-91.3]","80.5 [76.1-84.2]"
"Peru"," 2011"," DHS","51.3 [50.1-52.6]","44.4 [39.0-49.9]","75.9 [74.9-76.9]","60.7 [55.1-65.9]","60.8 [59.4-62.1]","50.8 [44.7-56.9]","93.2 [92.5-93.8]","81.7 [76.6-85.9]"
"Peru"," 2010"," DHS","50.7 [49.4-52.0]","44.6 [39.0-50.3]","74.8 [73.7-75.8]","63.6 [58.3-68.6]","60.2 [58.8-61.6]","51.6 [45.6-57.6]","92.1 [91.4-92.7]","84.4 [80.1-87.9]"
"Peru"," 2009"," DHS","50.3 [49.0-51.6]","40.9 [35.3-46.8]","73.8 [72.7-74.8]","58.3 [53.0-63.5]","60.1 [58.7-61.5]","47.6 [41.4-53.8]","91.8 [91.1-92.4]","81.0 [76.3-85.0]"
"Peru"," 2008"," DHS","49.4 [47.8-51.0]","44.5 [37.3-52.1]","72.5 [71.1-73.9]","63.3 [56.6-69.5]","58.6 [56.9-60.3]","50.4 [42.4-58.4]","90.1 [89.2-91.0]","82.5 [76.4-87.2]"
"Peru"," 2007"," DHS","48.3 [45.7-51.0]","32.6 [24.0-42.4]","73.8 [71.9-75.6]","51.5 [41.6-61.3]","57.2 [54.3-60.0]","37.4 [27.8-48.0]","91.5 [90.0-92.7]","72.0 [60.6-81.1]"
"Peru"," 2006"," DHS","48.4 [46.0-50.8]","47.8 [35.3-60.5]","72.7 [70.7-74.6]","63.4 [51.7-73.6]","58.2 [55.6-60.8]","56.2 [42.5-69.0]","91.1 [89.6-92.4]","83.4 [73.5-90.1]"
"Peru"," 2005"," DHS","47.9 [45.4-50.4]","41.7 [33.9-49.8]","71.6 [69.5-73.6]","55.4 [47.2-63.3]","58.3 [55.6-60.9]","50.6 [41.3-59.8]","90.9 [89.3-92.3]","80.5 [72.0-86.8]"
"Peru"," 2004"," DHS","46.9 [44.2-49.7]","41.2 [29.7-53.7]","71.0 [68.7-73.1]","57.2 [46.1-67.6]","56.9 [53.9-59.8]","52.3 [39.0-65.3]","89.8 [88.4-91.1]","77.9 [67.1-85.9]"
"Peru"," 2000"," DHS","50.8 [49.7-52.0]","40.1 [36.1-44.2]","69.5 [68.6-70.5]","51.6 [47.3-56.0]","61.6 [60.4-62.9]","48.9 [44.2-53.7]","88.3 [87.5-89.0]","71.2 [66.4-75.6]"
"Peru"," 1996"," DHS","41.8 [40.7-42.9]","31.0 [27.0-35.3]","65.1 [64.1-66.0]","46.0 [41.7-50.3]","51.3 [50.1-52.5]","39.4 [34.7-44.2]","85.7 [84.9-86.4]","72.3 [68.0-76.2]"
"Philippines"," 2013"," DHS","38.2 [37.1-39.3]","20.6 [16.5-25.5]","55.7 [54.5-56.9]","36.5 [31.0-42.4]","52.1 [50.8-53.4]","31.6 [25.4-38.4]","78.0 [76.9-79.1]","59.4 [52.3-66.2]"
"Philippines"," 2008"," DHS","34.7 [33.5-36.0]","14.3 [10.5-19.3]","51.6 [50.3-52.9]","25.9 [21.0-31.6]","47.3 [45.8-48.8]","23.2 [17.2-30.6]","70.2 [68.9-71.5]","42.0 [34.4-50.0]"
"Philippines"," 2003"," DHS","33.9 [32.7-35.2]","13.2 [9.2-18.6]","49.5 [48.3-50.8]","25.6 [20.1-32.0]","49.3 [47.8-50.8]","23.2 [16.5-31.6]","75.3 [74.0-76.5]","49.0 [40.5-57.6]"
"Philippines"," 1998"," DHS","28.7 [27.6-29.9]","11.4 [7.8-16.3]","48.6 [47.3-49.9]","21.8 [17.0-27.6]","41.1 [39.6-42.6]","20.4 [13.9-28.9]","73.7 [72.2-75.1]","44.9 [35.9-54.2]"
"Philippines"," 1993"," DHS","25.3 [24.2-26.3]","9.6 [6.4-14.2]","40.6 [39.4-41.8]","17.2 [13.0-22.4]","36.8 [35.4-38.2]","19.0 [12.8-27.3]","62.5 [61.0-63.9]","38.7 [30.7-47.3]"
"Republic of Moldova"," 2012"," MICS","41.8 [40.0-43.7]","35.8 [25.6-47.5]","59.8 [58.1-61.5]","45.3 [34.0-57.1]","No data","No data","No data","No data"
"Republic of Moldova"," 2005"," DHS","44.1 [42.6-45.7]","33.9 [25.6-43.2]","68.0 [66.6-69.5]","58.4 [49.9-66.4]","58.7 [56.9-60.4]","45.3 [34.6-56.5]","91.3 [90.3-92.3]","82.8 [74.0-89.0]"
"Republic of Moldova"," 1997"," RHS","50.8 [48.5-53.2]","No data","74.6 [72.9-76.2]","No data","No data","No data","No data","No data"
"Rwanda"," 2014"," DHS","47.7 [46.1-49.2]","32.8 [23.6-43.6]","53.5 [51.9-55.0]","35.3 [25.4-46.6]","65.7 [64.1-67.3]","84.3 [67.7-93.3]","76.9 [75.4-78.4]","90.7 [74.2-97.0]"
"Rwanda"," 2010"," DHS","45.3 [43.9-46.7]","30.6 [21.5-41.7]","51.8 [50.5-53.2]","32.9 [23.2-44.2]","62.3 [60.7-63.8]","78.1 [60.5-89.3]","73.8 [72.4-75.1]","83.8 [66.4-93.1]"
"Rwanda"," 2005"," DHS","10.4 [9.4-11.4]","3.2 [0.9-11.5]","17.6 [16.4-18.7]","3.2 [0.9-11.5]","18.6 [17.1-20.3]","No data","31.5 [29.7-33.5]","No data"
"Rwanda"," 2000"," DHS","4.4 [3.6-5.3]","0.8 [0.3-2.1]","13.5 [12.4-14.8]","5.0 [2.5-9.8]","8.9 [7.4-10.7]","2.9 [1.1-7.8]","27.3 [25.2-29.5]","18.4 [9.2-33.4]"
"Saint Lucia"," 2012"," MICS","52.4 [48.2-56.5]","47.5 [28.4-67.5]","55.4 [51.1-59.6]","57.0 [36.9-75.1]","No data","No data","No data","No data"
"Sao Tome and Principe"," 2014"," MICS","38.1 [35.5-40.7]","27.6 [18.4-39.2]","41.2 [38.3-44.2]","30.0 [20.3-41.8]","No data","No data","No data","No data"
"Sao Tome and Principe"," 2008"," DHS","34.5 [31.0-38.2]","21.4 [14.3-30.8]","39.5 [35.8-43.3]","22.2 [15.1-31.5]","45.5 [40.7-50.4]","30.4 [20.0-43.2]","52.0 [47.2-56.8]","31.5 [21.0-44.4]"
"Senegal"," 2015"," DHS","22.4 [20.2-24.8]","5.5 [3.7-8.1]","24.7 [22.5-27.1]","6.2 [4.3-8.9]","45.1 [41.4-48.8]","18.3 [12.8-25.5]","50.6 [47.0-54.3]","21.3 [15.5-28.5]"
"Senegal"," 2014"," DHS","21.0 [18.8-23.4]","12.3 [5.8-24.1]","23.0 [20.8-25.3]","12.4 [5.9-24.1]","42.9 [39.4-46.5]","37.1 [20.0-58.2]","48.0 [44.6-51.4]","37.5 [20.4-58.4]"
"Senegal"," 2012"," DHS","17.3 [15.3-19.4]","2.8 [1.6-4.9]","19.1 [17.0-21.4]","3.3 [2.0-5.5]","35.7 [32.6-39.1]","8.2 [4.9-13.7]","40.0 [36.6-43.4]","9.6 [5.7-15.6]"
"Senegal"," 2010"," DHS","12.7 [11.6-13.9]","5.0 [3.2-7.6]","13.8 [12.6-15.0]","5.8 [3.9-8.5]","29.4 [27.1-31.7]","13.5 [8.7-20.3]","32.4 [29.9-34.9]","15.9 [10.8-22.8]"
"Senegal"," 2005"," DHS","11.0 [9.6-12.4]","4.7 [3.1-6.9]","12.6 [11.2-14.2]","5.0 [3.4-7.3]","24.9 [22.4-27.7]","12.1 [8.3-17.4]","28.7 [25.9-31.5]","13.1 [9.2-18.3]"
"Senegal"," 1997"," DHS","8.8 [7.7-10.0]","1.5 [0.7-3.5]","13.7 [12.2-15.4]","5.5 [3.6-8.3]","18.0 [16.0-20.3]","4.1 [1.8-9.0]","28.1 [25.3-31.0]","14.6 [9.7-21.4]"
"Serbia"," 2014"," MICS","18.5 [16.5-20.7]","1.6 [0.2-11.6]","58.4 [55.8-61.0]","51.6 [22.1-80.0]","No data","No data","No data","No data"
"Serbia"," 2010"," MICS","21.6 [19.7-23.6]","10.8 [1.8-44.0]","61.0 [58.6-63.4]","44.8 [23.4-68.4]","No data","No data","No data","No data"
"Serbia"," 2005"," MICS","18.8 [17.2-20.5]","6.3 [1.8-19.9]","41.4 [39.1-43.9]","27.4 [16.6-41.8]","29.7 [27.3-32.2]","15.0 [4.4-40.4]","59.2 [56.4-61.9]","53.4 [35.2-70.8]"
"Sierra Leone"," 2013"," DHS","16.2 [14.9-17.5]","7.8 [5.8-10.4]","17.3 [16.0-18.6]","7.8 [5.8-10.4]","39.6 [37.2-42.1]","20.4 [15.5-26.3]","43.1 [40.6-45.7]","24.1 [18.5-30.7]"
"Sierra Leone"," 2010"," MICS","10.4 [9.4-11.5]","4.6 [3.1-6.9]","11.4 [10.3-12.6]","5.3 [3.6-7.7]","No data","No data","No data","No data"
"Sierra Leone"," 2008"," DHS","7.1 [6.2-8.2]","1.2 [0.3-4.3]","8.7 [7.7-9.8]","1.2 [0.3-4.3]","19.5 [17.1-22.1]","5.1 [1.4-16.7]","23.7 [21.2-26.4]","5.1 [1.4-16.7]"
"Sierra Leone"," 2005"," MICS","4.6 [3.7-5.6]","0.7 [0.2-2.3]","5.5 [4.6-6.5]","2.0 [1.0-4.0]","No data","No data","No data","No data"
"Somalia"," 2006"," MICS","1.3 [0.8-2.0]","0.0 [0.0-0.0]","15.4 [13.5-17.5]","7.1 [4.7-10.5]","No data","No data","No data","No data"
"South Africa"," 1998"," DHS","55.2 [53.5-56.9]","48.2 [35.5-61.2]","56.4 [54.7-58.0]","49.4 [36.6-62.3]","77.6 [75.7-79.4]","63.8 [48.1-77.1]","79.2 [77.4-80.9]","65.4 [49.5-78.5]"
"South Sudan"," 2010"," MICS","1.2 [0.9-1.6]","1.0 [0.3-3.4]","4.1 [3.5-4.8]","2.3 [1.2-4.6]","No data","No data","No data","No data"
"Sudan"," 2014"," MICS","12.0 [10.9-13.2]","5.8 [4.0-8.3]","13.2 [12.0-14.5]","6.4 [4.5-9.0]","No data","No data","No data","No data"
"Sudan"," 2010"," MICS","8.5 [7.6-9.5]","4.1 [2.7-6.3]","9.4 [8.5-10.4]","4.8 [3.3-7.1]","No data","No data","No data","No data"
"Suriname"," 2010"," MICS","47.4 [45.2-49.6]","42.1 [32.7-52.2]","47.8 [45.6-50.0]","42.1 [32.7-52.2]","No data","No data","No data","No data"
"Suriname"," 2006"," MICS","45.3 [43.1-47.5]","37.7 [28.0-48.5]","45.9 [43.7-48.1]","38.7 [29.0-49.4]","70.9 [68.4-73.2]","61.8 [47.6-74.3]","71.6 [69.1-73.8]","63.5 [49.2-75.8]"
"Syrian Arab Republic"," 2006"," MICS","43.9 [42.7-45.1]","11.2 [8.7-14.2]","59.8 [58.5-61.1]","21.6 [18.2-25.5]","68.0 [66.6-69.3]","37.7 [30.1-45.9]","84.5 [83.5-85.4]","63.4 [55.6-70.7]"
"Tajikistan"," 2012"," DHS","26.9 [25.3-28.5]","1.8 [0.7-4.4]","29.0 [27.4-30.7]","2.4 [1.0-5.3]","50.9 [48.5-53.4]","11.4 [4.5-25.7]","55.2 [52.9-57.6]","14.8 [6.5-30.3]"
"Tajikistan"," 2005"," MICS","33.8 [31.7-36.0]","3.9 [1.7-8.7]","38.7 [36.4-41.1]","8.6 [4.7-15.3]","55.8 [53.1-58.5]","16.5 [7.1-33.9]","61.9 [59.0-64.6]","32.5 [18.0-51.6]"
"Thailand"," 2012"," MICS","77.2 [75.8-78.5]","68.3 [61.8-74.2]","79.5 [78.1-80.8]","73.2 [67.0-78.7]","No data","No data","No data","No data"
"Thailand"," 2005"," MICS","75.4 [73.9-76.8]","66.6 [61.7-71.2]","76.9 [75.5-78.3]","68.8 [63.8-73.4]","No data","No data","No data","No data"
"The former Yugoslav republic of Macedonia"," 2011"," MICS","12.8 [11.3-14.5]","8.2 [1.8-30.4]","40.4 [37.6-43.4]","33.1 [17.0-54.3]","No data","No data","No data","No data"
"The former Yugoslav republic of Macedonia"," 2005"," MICS","9.8 [7.5-12.9]","1.2 [0.3-4.0]","13.6 [10.6-17.3]","1.3 [0.4-4.1]","21.7 [16.6-27.9]","8.7 [2.9-23.4]","28.7 [22.7-35.6]","9.7 [3.5-24.2]"
"Timor-Leste"," 2009"," DHS","21.6 [20.3-22.9]","6.8 [4.2-10.9]","22.8 [21.5-24.2]","7.9 [5.0-12.1]","40.2 [38.1-42.3]","19.6 [12.1-30.2]","42.5 [40.3-44.6]","22.6 [14.6-33.3]"
"Togo"," 2013"," DHS","17.6 [16.3-19.0]","7.7 [4.7-12.3]","20.3 [18.8-21.8]","8.4 [5.2-13.1]","33.1 [30.9-35.4]","15.3 [9.4-23.9]","38.1 [35.7-40.5]","16.7 [10.6-25.4]"
"Togo"," 2010"," MICS","13.4 [12.0-15.0]","4.3 [2.2-8.3]","15.5 [14.0-17.2]","5.1 [2.7-9.4]","No data","No data","No data","No data"
"Togo"," 2006"," MICS","11.0 [9.9-12.3]","11.7 [7.5-17.7]","16.9 [15.4-18.6]","15.2 [10.3-22.0]","19.8 [17.8-22.0]","20.4 [13.5-29.6]","29.5 [27.0-32.0]","26.4 [18.2-36.6]"
"Togo"," 1998"," DHS","7.1 [6.3-8.1]","4.2 [2.3-7.7]","24.0 [22.6-25.4]","15.0 [11.4-19.6]","12.8 [11.4-14.3]","7.9 [4.4-13.7]","42.9 [40.8-45.1]","27.9 [21.7-35.1]"
"Trinidad and Tobago"," 2006"," MICS","37.7 [35.4-40.0]","39.1 [25.5-54.6]","42.5 [40.2-44.9]","41.3 [27.5-56.7]","56.4 [53.6-59.2]","48.9 [32.5-65.6]","61.7 [58.9-64.4]","51.7 [35.0-68.1]"
"Tunisia"," 2011"," MICS","50.2 [48.4-52.0]","No data","62.7 [60.9-64.5]","No data","No data","No data","No data","No data"
"Turkey"," 2003"," DHS","43.3 [42.0-44.6]","16.9 [11.7-23.7]","71.8 [70.6-73.0]","44.3 [37.2-51.8]","54.6 [52.5-56.6]","30.9 [20.0-44.4]","92.5 [91.4-93.5]","77.2 [65.4-85.8]"
"Turkey"," 1998"," DHS","38.8 [37.1-40.4]","15.7 [11.2-21.6]","65.3 [63.7-66.8]","33.6 [27.3-40.5]","50.7 [48.6-52.7]","27.2 [20.0-35.9]","87.3 [86.0-88.6]","65.4 [56.4-73.5]"
"Turkey"," 1993"," DHS","35.9 [34.4-37.4]","9.3 [6.4-13.4]","64.7 [63.0-66.3]","24.1 [19.6-29.2]","46.6 [44.7-48.4]","20.0 [13.8-27.9]","86.1 [84.3-87.7]","56.7 [47.8-65.1]"
"Turkmenistan"," 2015"," MICS","47.8 [45.8-49.9]","2.2 [0.6-8.4]","51.0 [48.9-53.0]","2.2 [0.6-8.4]","No data","No data","No data","No data"
"Turkmenistan"," 2006"," MICS","46.7 [44.3-49.1]","5.5 [2.3-12.7]","48.8 [46.5-51.2]","5.5 [2.3-12.7]","73.0 [70.3-75.6]","No data","75.5 [73.0-78.0]","No data"
"Uganda"," 2011"," DHS","27.1 [25.3-28.9]","13.1 [9.7-17.4]","31.3 [29.5-33.2]","13.9 [10.5-18.3]","40.9 [38.6-43.3]","28.6 [22.0-36.3]","50.6 [48.2-53.0]","32.2 [24.3-41.4]"
"Uganda"," 2006"," DHS","18.6 [17.0-20.3]","8.3 [5.5-12.2]","24.6 [22.8-26.5]","11.4 [8.2-15.5]","29.7 [27.3-32.1]","18.3 [12.4-26.1]","39.3 [36.8-41.8]","25.2 [18.5-33.3]"
"Uganda"," 2000"," DHS","19.2 [17.6-20.9]","9.0 [6.4-12.5]","23.9 [22.0-25.9]","12.0 [8.9-16.0]","32.3 [29.8-34.9]","23.9 [17.2-32.2]","40.2 [37.4-43.2]","31.9 [24.3-40.6]"
"Uganda"," 1995"," DHS","8.5 [7.3-9.8]","3.9 [2.4-6.1]","15.7 [14.2-17.3]","9.9 [6.9-14.1]","18.7 [16.3-21.3]","11.1 [7.2-16.7]","34.5 [31.8-37.4]","28.5 [20.8-37.7]"
"Ukraine"," 2012"," MICS","47.1 [44.6-49.6]","37.2 [21.8-55.8]","65.6 [62.7-68.3]","51.2 [33.7-68.5]","No data","No data","No data","No data"
"Ukraine"," 2007"," DHS","47.6 [45.4-49.8]","42.7 [28.7-57.9]","66.9 [64.8-68.8]","48.3 [33.9-63.0]","61.7 [59.2-64.1]","54.1 [37.3-70.0]","86.9 [85.2-88.5]","63.3 [46.1-77.7]"
"Ukraine"," 2005"," MICS","58.4 [54.4-62.4]","40.4 [25.6-57.0]","65.9 [62.1-69.6]","41.6 [26.7-58.1]","77.5 [73.5-81.1]","62.0 [44.7-76.6]","85.3 [82.2-88.0]","63.6 [46.3-78.0]"
"Ukraine"," 1999"," RHS","37.8 [34.0-41.8]","No data","67.9 [65.4-70.4]","No data","No data","No data","No data","No data"
"United Republic of Tanzania"," 2015"," DHS","33.7 [31.9-35.4]","13.3 [10.5-16.8]","40.5 [38.6-42.3]","14.7 [11.7-18.2]","53.6 [51.4-55.8]","35.2 [28.7-42.3]","66.5 [64.4-68.5]","40.5 [33.8-47.5]"
"United Republic of Tanzania"," 2010"," DHS","28.4 [26.6-30.2]","12.0 [8.2-17.1]","35.6 [33.8-37.6]","14.9 [10.5-20.6]","49.6 [47.0-52.2]","38.8 [28.5-50.1]","62.3 [59.8-64.7]","48.2 [37.1-59.4]"
"United Republic of Tanzania"," 2004"," DHS","21.2 [19.6-22.9]","6.9 [4.9-9.6]","27.9 [26.3-29.6]","9.6 [7.1-12.7]","41.2 [38.7-43.8]","23.7 [17.1-31.9]","56.9 [54.4-59.4]","35.9 [27.7-44.9]"
"United Republic of Tanzania"," 1999"," DHS","17.8 [15.1-20.9]","6.5 [3.7-11.1]","26.8 [24.1-29.6]","10.6 [6.4-16.9]","36.2 [31.6-41.1]","25.2 [14.8-39.4]","54.4 [50.4-58.3]","41.1 [25.6-58.7]"
"United Republic of Tanzania"," 1996"," DHS","14.0 [12.8-15.4]","4.4 [2.7-7.0]","19.3 [17.8-20.9]","7.4 [4.9-11.0]","32.2 [29.8-34.7]","15.9 [9.9-24.5]","44.4 [41.6-47.2]","26.9 [18.5-37.4]"
"Uruguay"," 2012"," MICS","No data","No data","No data","No data","No data","No data","No data","No data"
"Uzbekistan"," 2006"," MICS","60.0 [58.4-61.6]","18.5 [11.8-27.8]","65.6 [64.0-67.3]","22.0 [14.9-31.3]","83.2 [81.8-84.4]","58.1 [41.0-73.4]","89.4 [88.3-90.5]","69.1 [52.1-82.2]"
"Uzbekistan"," 1996"," DHS","52.8 [49.8-55.8]","15.0 [9.1-23.6]","57.3 [54.5-60.0]","15.8 [9.8-24.4]","74.6 [71.7-77.2]","47.6 [31.7-64.0]","80.8 [78.4-83.1]","50.0 [34.0-66.1]"
"Vanuatu"," 2007"," MICS","36.9 [33.6-40.3]","34.5 [19.6-53.2]","38.6 [35.2-42.0]","34.5 [19.6-53.2]","No data","No data","No data","No data"
"Viet Nam"," 2013"," MICS","57.5 [56.1-58.9]","29.4 [22.0-38.1]","76.4 [75.3-77.6]","38.4 [29.7-47.9]","No data","No data","No data","No data"
"Viet Nam"," 2010"," MICS","60.6 [59.1-62.1]","15.3 [9.9-23.0]","78.8 [77.7-79.8]","21.0 [14.6-29.2]","No data","No data","No data","No data"
"Viet Nam"," 2006"," MICS","60.9 [58.6-63.2]","22.2 [13.7-33.9]","76.5 [74.7-78.1]","28.1 [18.0-41.2]","No data","No data","No data","No data"
"Viet Nam"," 2002"," DHS","57.2 [54.8-59.6]","14.1 [5.9-30.4]","79.2 [77.7-80.7]","22.8 [12.7-37.3]","67.4 [65.0-69.8]","No data","94.4 [93.4-95.3]","No data"
"Viet Nam"," 1997"," DHS","56.8 [54.2-59.4]","14.9 [8.9-23.9]","76.7 [74.8-78.5]","18.1 [11.7-27.0]","67.3 [64.4-70.1]","53.5 [33.3-72.6]","91.9 [90.6-92.9]","65.1 [45.3-80.7]"
"Yemen"," 2013"," DHS","30.4 [29.2-31.7]","12.1 [9.9-14.6]","35.0 [33.7-36.4]","13.2 [10.9-15.9]","47.5 [45.9-49.2]","28.3 [23.6-33.6]","57.7 [56.0-59.4]","32.4 [27.3-38.0]"
"Yemen"," 2006"," MICS","20.9 [18.3-23.7]","6.1 [3.5-10.4]","29.3 [26.5-32.3]","10.5 [7.0-15.3]","44.6 [39.7-49.7]","15.7 [9.2-25.5]","56.1 [51.7-60.4]","25.6 [17.6-35.7]"
"Zambia"," 2013"," DHS","45.3 [43.9-46.8]","35.8 [31.1-40.8]","49.8 [48.3-51.2]","37.5 [32.7-42.5]","63.5 [61.8-65.2]","57.1 [51.0-63.1]","72.3 [70.8-73.8]","61.4 [55.1-67.3]"
"Zambia"," 2007"," DHS","33.4 [31.7-35.1]","22.0 [17.3-27.5]","41.6 [39.7-43.6]","28.1 [22.7-34.1]","48.8 [46.6-51.1]","43.7 [34.8-52.9]","60.9 [58.6-63.1]","55.8 [46.5-64.6]"
"Zambia"," 2001"," DHS","23.2 [21.4-25.1]","17.1 [13.9-20.9]","35.1 [33.4-36.9]","25.5 [21.8-29.6]","36.9 [34.4-39.4]","35.4 [29.5-41.9]","55.7 [53.6-57.8]","52.9 [46.6-59.1]"
"Zambia"," 1996"," DHS","15.0 [13.7-16.4]","8.8 [6.6-11.6]","26.9 [25.3-28.5]","16.9 [13.8-20.5]","28.0 [25.9-30.2]","20.9 [15.7-27.2]","50.2 [47.9-52.5]","40.1 [33.5-47.1]"
"Zimbabwe"," 2015"," DHS","67.3 [65.6-69.1]","44.9 [39.3-50.7]","68.3 [66.6-70.0]","45.8 [40.2-51.6]","85.5 [84.0-86.9]","77.3 [70.8-82.7]","88.6 [87.4-89.8]","78.8 [72.3-84.1]"
"Zimbabwe"," 2014"," MICS","67.8 [66.6-69.0]","48.0 [43.8-52.2]","68.5 [67.3-69.6]","48.5 [44.3-52.8]","No data","No data","No data","No data"
"Zimbabwe"," 2010"," DHS","59.1 [57.5-60.8]","35.4 [29.2-42.1]","60.5 [58.9-62.0]","36.2 [30.0-42.9]","78.7 [77.1-80.2]","65.2 [56.7-72.8]","83.5 [82.1-84.8]","68.5 [60.0-75.8]"
"Zimbabwe"," 2009"," MICS","65.3 [63.8-66.8]","38.3 [33.7-43.1]","67.2 [65.8-68.6]","40.1 [35.4-45.0]","No data","No data","No data","No data"
"Zimbabwe"," 2005"," DHS","60.6 [58.5-62.7]","35.7 [28.9-43.2]","62.5 [60.4-64.6]","36.7 [29.8-44.2]","80.2 [78.1-82.2]","64.5 [56.4-71.9]","84.8 [82.7-86.7]","68.4 [60.1-75.7]"
"Zimbabwe"," 1999"," DHS","51.5 [49.1-53.9]","38.6 [33.3-44.1]","54.6 [52.4-56.8]","42.1 [37.0-47.5]","74.1 [71.6-76.5]","69.8 [61.4-77.1]","81.3 [79.4-83.1]","77.6 [69.9-83.8]"
"Zimbabwe"," 1994"," DHS","43.1 [41.3-45.0]","29.8 [23.3-37.3]","49.4 [47.5-51.4]","31.4 [25.0-38.7]","65.4 [63.2-67.5]","54.4 [45.6-63.0]","78.1 [76.4-79.7]","63.7 [54.9-71.7]"
